PlayerId,Name,Bats,Throws
405395,Albert Pujols,R,R
408234,Miguel Cabrera,R,R
424144,Oliver Pérez,L,L
425772,Jeff Mathis,R,R
425783,Shin-Soo Choo,L,L
425784,René Rivera,R,R
425794,Adam Wainwright,R,R
425844,Zack Greinke,R,R
425877,Yadier Molina,R,R
429664,Robinson Canó,L,R
429665,Edwin Encarnación,R,R
429722,Ervin Santana,R,R
430935,Cole Hamels,L,L
431148,Scott Kazmir,L,L
433589,Yusmeiro Petit,R,R
434378,Justin Verlander,R,R
434671,Aníbal Sánchez,R,R
435062,Howie Kendrick,R,R
435522,Neil Walker,S,R
435559,Kurt Suzuki,R,R
443558,Nelson Cruz,R,R
444468,Héctor Rondón,R,R
444482,David Peralta,L,L
444489,Manny Piña,R,R
444876,Alcides Escobar,R,R
445055,Jon Jay,L,L
445213,Brandon Kintzler,R,R
445276,Kenley Jansen,S,R
445926,Jesse Chavez,R,R
446099,John Axford,R,R
446308,Matt Wieters,S,R
446321,Ross Detwiler,R,L
446334,Evan Longoria,R,R
446372,Corey Kluber,R,R
446481,Sean Rodríguez,R,R
446653,Jose Lobatón,S,R
448179,Rich Hill,L,L
448281,Sean Doolittle,L,L
448801,Chris Davis,L,R
448855,Junior Guerra,R,R
450172,Edinson Volquez,R,R
450203,Charlie Morton,R,R
451584,Wade Davis,R,R
451594,Dexter Fowler,S,R
452027,Andrew Albers,R,L
452095,Tyler Flowers,R,R
452254,Hunter Pence,R,R
452657,Jon Lester,L,L
452678,Asdrúbal Cabrera,S,R
453172,Jared Hughes,R,R
453178,Ian Kennedy,R,R
453192,Andrew Miller,L,L
453265,Tony Watson,L,L
453268,Daniel Bard,R,R
453281,Wade LeBlanc,L,L
453284,Blake Parker,R,R
453286,Max Scherzer,R,R
453343,Mark Melancon,R,R
453527,Sean Kazmar Jr.,R,R
453562,Jake Arrieta,R,R
453568,Charlie Blackmon,L,L
453943,Todd Frazier,R,R
455117,Martín Maldonado,R,R
455119,Chris Martin,R,R
455139,Robinson Chirinos,R,R
455976,Nick Markakis,L,L
456034,David Price,L,L
456124,Erik Kratz,R,R
456488,Eduardo Núñez,R,R
456501,Johnny Cueto,R,R
456701,Homer Bailey,R,R
456713,Matt Bush,R,R
456715,Lorenzo Cain,R,R
456781,Donovan Solano,R,R
457705,Andrew McCutchen,R,R
457708,Justin Upton,R,R
457727,Cameron Maybin,R,R
457759,Justin Turner,R,R
457763,Buster Posey,R,R
457803,Jay Bruce,L,L
457915,Javy Guerra,R,R
457918,J.A. Happ,L,L
458015,Joey Votto,L,R
458676,Josh Lindblom,R,R
458677,Justin Wilson,L,L
458681,Lance Lynn,S,R
458708,Josh Tomlin,R,R
458731,Brett Gardner,L,L
459429,Jake McGee,L,L
459964,Matt Joyce,L,R
460075,Ryan Braun,R,R
460077,Drew Butera,R,R
460086,Alex Gordon,L,R
461314,Matt Kemp,R,R
461325,Tyler Clippard,R,R
461829,Gio Gonzalez,R,L
461865,Andrew Romine,S,R
461872,Anthony Swarzak,R,R
462101,Elvis Andrus,R,R
465041,Francisco Cervelli,R,R
465657,Joakim Soria,R,R
466988,Emilio Bonifácio,S,R
467008,Pedro Strop,R,R
467055,Pablo Sandoval,S,R
467092,Wilson Ramos,R,R
467100,Iván Nova,R,R
467793,Carlos Santana,S,R
467827,Gerardo Parra,L,L
468504,Jhoulys Chacín,R,R
471911,Carlos Carrasco,R,R
472551,Fernando Abad,L,L
472610,Luis García,R,R
474463,Brett Anderson,L,L
474568,Jordy Mercer,R,R
474832,Brandon Belt,L,L
475054,Chaz Roe,R,R
475253,Justin Smoak,S,L
475479,David Phelps,R,R
475582,Ryan Zimmerman,R,R
476454,Dellin Betances,R,R
476594,Robert Stock,L,R
476595,Lucas Luetge,L,L
476704,Jed Lowrie,S,R
477132,Clayton Kershaw,L,L
488671,Alex Avila,L,R
488726,Michael Brantley,L,L
488748,Ryan Buchter,L,L
488771,Jason Castro,L,R
488984,Tommy Hunter,R,R
489119,Wade Miley,L,L
489149,Logan Morrison,L,L
489265,Sergio Romo,R,R
489334,Craig Stammen,R,R
489446,Kirby Yates,L,R
491624,César Valdez,R,R
491703,Neftalí Feliz,R,R
493316,Yoenis Cespedes,R,R
493329,Yuli Gurriel,R,R
493472,Eric Campbell,R,R
493603,Adam Ottavino,S,R
500610,Deolis Guerra,R,R
500743,Miguel Rojas,R,R
500779,Jose Quintana,R,L
500871,Eduardo Escobar,S,R
500874,José A. Martínez,R,R
501303,Ehire Adrianza,S,R
501381,Michael Pineda,R,R
501571,Juan Lagares,R,R
501593,Luis Avilán,L,L
501625,Jose Alvarez,L,L
501659,Abraham Almonte,S,R
501789,Will Harris,R,R
501925,Joe Smith,R,R
501981,Khris Davis,R,R
501985,Mike Minor,R,L
502026,Jeremy Jeffress,R,R
502042,Chris Archer,R,R
502043,Kyle Gibson,R,R
502054,Tommy Pham,R,R
502083,Zach McAllister,R,R
502085,David Robertson,R,R
502110,J.D. Martinez,R,R
502154,Zack Britton,L,L
502171,Alex Cobb,R,R
502179,Paolo Espino,R,R
502188,Jeff Samardzija,R,R
502202,Brad Boxberger,R,R
502210,Josh Reddick,L,R
502239,Trevor Cahill,R,R
502273,Mike Freeman,L,R
502285,Tyler Ladendorf,R,R
502327,Héctor Santiago,R,L
502481,Jarrod Dyson,L,R
502517,Daniel Murphy,L,R
502522,Justin Miller,R,R
502578,Aaron Barrett,R,R
502593,Jake Petricka,R,R
502624,Chase Anderson,R,R
502671,Paul Goldschmidt,R,R
502706,Derek Holland,S,L
502748,Brad Peacock,R,R
503285,Darren O'Day,R,R
503449,Wily Peralta,R,R
503556,Marwin Gonzalez,S,R
503569,Rafael Dolis,R,R
504379,Juan Nicasio,R,R
505447,Brandon Dickson,R,R
506433,Yu Darvish,R,R
506702,Sandy León,S,R
506703,Adrián Sanchez,R,R
514888,Jose Altuve,R,R
514917,César Hernández,S,R
516416,Jean Segura,R,R
516770,Starlin Castro,R,R
516782,Starling Marte,R,R
516969,Kelvin Herrera,R,R
517008,Alex Colomé,R,R
518397,Scott Alexander,L,L
518435,Manny Barreda,R,R
518489,Ryan Brasier,R,R
518516,Madison Bumgarner,R,L
518553,Steve Cishek,R,R
518568,Christian Colón,R,R
518585,Fernando Cruz,R,R
518586,Charlie Culberson,R,R
518595,Travis d'Arnaud,R,R
518617,Jake Diekman,R,L
518618,Derek Dietrich,L,R
518626,Josh Donaldson,R,R
518633,Danny Duffy,L,L
518649,Brett Eibner,R,R
518692,Freddie Freeman,L,R
518693,Sam Freeman,R,L
518715,Cory Gearrin,R,R
518735,Yasmani Grandal,S,R
518748,Justin Grimm,R,R
518774,Matt Harvey,R,R
518792,Jason Heyward,L,L
518813,Greg Holland,R,R
518858,Nate Jones,R,R
518876,Merrill Kelly,R,R
518886,Craig Kimbrel,R,R
518902,Pete Kozma,R,R
518934,DJ LeMahieu,R,R
518960,Jonathan Lucroy,R,R
519008,T.J. McFarland,L,L
519043,Matt Moore,L,L
519048,Mitch Moreland,L,L
519058,Mike Moustakas,L,R
519076,Jimmy Nelson,R,R
519141,Drew Pomeranz,R,L
519144,Rick Porcello,R,R
519151,Ryan Pressly,R,R
519203,Anthony Rizzo,L,L
519222,Austin Romine,R,R
519242,Chris Sale,L,L
519293,Will Smith,R,L
519299,Eric Sogard,L,R
519303,Elliot Soto,R,R
519306,Steven Souza Jr.,R,R
519317,Giancarlo Stanton,R,R
519326,Hunter Strickland,R,R
519346,Eric Thames,L,R
519381,Pat Venditte,L,S
519390,Stephen Vogt,L,R
519393,Marcus Walden,R,R
519443,Brandon Workman,R,R
519455,Jordan Zimmermann,R,R
520471,Freddy Galvis,S,R
520980,Pedro Báez,R,R
521230,Liam Hendriks,R,R
521655,Wilmer Font,R,R
521692,Salvador Perez,R,R
523253,Logan Forsythe,R,R
523260,Joe Kelly,R,R
527038,Wilmer Flores,R,R
527048,Martín Pérez,L,L
527049,César Puello,R,R
527054,Julio Teheran,R,R
527055,Arodys Vizcaíno,R,R
528748,Humberto Castellanos,R,R
532077,Roberto Osuna,R,R
533167,Matt Shoemaker,R,R
534606,Ryan LaMarre,R,L
534812,Kevin Quackenbush,R,R
534910,Jesse Hahn,R,R
541600,Wilfredo Tovar,R,R
541640,Erasmo Ramírez,R,R
541645,Avisaíl García,R,R
541650,Hernán Pérez,R,R
542194,Christian Bethancourt,R,R
542208,Carlos Pérez,R,R
542255,Ender Inciarte,L,L
542303,Marcell Ozuna,R,R
542340,Jonathan Villar,S,R
542364,Rafael Ortega,L,R
542454,Danny Santana,S,R
542583,Jesús Aguilar,R,R
542585,José Cisnero,R,R
542881,Tyler Anderson,L,L
542882,Matt Andriese,R,R
542888,Shawn Armstrong,R,R
542914,Anthony Bass,R,R
542921,Tim Beckham,R,R
542932,Jon Berti,R,R
542947,Richard Bleier,L,L
542960,Brad Brach,R,R
542963,Rob Brantly,L,R
542992,Andy Burns,R,R
543022,Tyler Chatwood,R,R
543037,Gerrit Cole,R,R
543045,Adam Conley,L,L
543056,Danny Coulombe,L,L
543063,Brandon Crawford,L,R
543068,C.J. Cron,R,R
543089,Taylor Davis,R,R
543101,Anthony DeSclafani,R,R
543105,Alex Dickerson,L,L
543118,Oliver Drake,R,R
543135,Nathan Eovaldi,R,R
543208,Sam Gaviglio,R,R
543219,Sean Gilmartin,L,L
543228,Yan Gomes,R,R
543238,Anthony Gose,L,L
543243,Sonny Gray,R,R
543257,Robbie Grossman,S,L
543258,Preston Guilmet,R,R
543272,Brad Hand,L,L
543278,Blaine Hardy,L,L
543281,Josh Harrison,R,R
543294,Kyle Hendricks,R,R
543305,Aaron Hicks,S,R
543308,John Hicks,R,R
543309,Kyle Higashioka,R,R
543333,Eric Hosmer,L,L
543339,Daniel Hudson,R,R
543351,Jay Jackson,R,R
543376,Caleb Joseph,R,R
543391,Casey Kelly,R,R
543401,Jason Kipnis,L,R
543432,Ryan Lavarnway,R,R
543456,Kyle Lobstein,L,L
543475,Jordan Lyles,R,R
543482,Drew Maggi,R,R
543483,Matt Magill,R,R
543507,Trevor May,R,R
543510,James McCann,R,R
543518,Scott McGough,R,R
543521,Collin McHugh,R,R
543543,Brad Miller,L,R
543548,Tommy Milone,L,L
543557,Mike Montgomery,L,L
543592,Austin Nola,R,R
543594,Sean Nolin,L,L
543606,Jake Odorizzi,R,R
543685,Anthony Rendon,R,R
543699,Tanner Roark,R,R
543734,Chris Rusin,L,L
543760,Marcus Semien,R,R
543766,Bryan Shaw,S,R
543768,Travis Shaw,L,R
543807,George Springer,R,R
543829,Dee Strange-Gordon,L,R
543859,Michael Tonkin,R,R
543867,Nik Turley,L,L
543877,Christian Vázquez,R,R
543883,Nick Vincent,R,R
543901,Ryan Weber,R,R
543939,Kolten Wong,L,R
544150,Albert Suárez,R,R
544365,Manny Banuelos,R,L
544369,Didi Gregorius,L,R
544725,Leury García,S,R
544727,Jeurys Familia,R,R
544928,Tyler Lyons,L,L
544931,Stephen Strasburg,R,R
545064,Jairo Díaz,R,R
545121,Ildemaro Vargas,S,R
545333,Trevor Bauer,R,R
545341,Randal Grichuk,R,R
545343,Louis Head,R,R
545350,Jake Marisnick,R,R
545358,Max Stassi,R,R
545361,Mike Trout,R,R
546318,Odúbel Herrera,L,R
546990,Anthony Alford,R,R
546991,Albert Almora Jr.,R,R
547001,Cody Poteet,R,R
547004,Rio Ruiz,L,R
547170,Nicky Delmonico,L,R
547172,Tony Wolters,L,R
547173,Christian Lopes,R,R
547176,Daniel Camarena,L,L
547179,Michael Lorenzen,R,R
547180,Bryce Harper,L,R
547184,Michael Kelly,R,R
547379,Roberto Pérez,R,R
547888,Masahiro Tanaka,R,R
547942,Kwang Hyun Kim,L,L
547943,Hyun Jin Ryu,R,L
547973,Aroldis Chapman,L,L
547989,José Abreu,R,R
548384,Brooks Raley,L,L
548389,Ross Stripling,R,R
552640,Andrew Kittredge,R,R
553869,Elias Díaz,R,R
553882,Omar Narváez,L,R
553902,Willians Astudillo,R,R
553988,Dixon Machado,R,R
553993,Eugenio Suárez,R,R
554340,Yimi García,R,R
554430,Zack Wheeler,L,R
554431,Tyler Matzek,L,L
570240,Félix Peña,R,R
570256,Gregory Polanco,L,L
570257,Joely Rodríguez,L,L
570267,Domingo Santana,R,R
570481,Erik González,R,R
570482,Gio Urshela,R,R
570488,Phillips Valdez,R,R
570560,Yolmer Sánchez,S,R
570632,José Ureña,R,R
570663,Hansel Robles,R,R
570666,Luis Cessa,R,R
570731,Jonathan Schoop,R,R
571431,Matt Adams,L,R
571439,R.J. Alvarez,R,R
571446,Mark Appel,R,R
571448,Nolan Arenado,R,R
571466,Tucker Barnhart,L,R
571479,Andrew Bellatti,R,R
571510,Matthew Boyd,L,L
571521,Rex Brothers,L,L
571527,David Buchanan,R,R
571539,Matt Carasiti,R,R
571578,Patrick Corbin,L,L
571602,Matt Davidson,R,R
571616,Matt Dermody,R,L
571656,Buck Farmer,L,R
571657,Kyle Farmer,R,R
571666,Mike Fiers,R,R
571670,Dylan Floro,L,R
571676,Seth Frankoff,R,R
571704,Ken Giles,R,R
571710,Mychal Givens,R,R
571718,Brian Goodwin,L,R
571735,David Hale,R,R
571740,Billy Hamilton,S,R
571745,Mitch Haniger,R,R
571760,Andrew Heaney,L,L
571771,Enrique Hernández,R,R
571788,Brock Holt,L,R
571800,Drew Hutchison,L,R
571858,Branden Kline,R,R
571863,Matt Koch,L,R
571871,Ian Krol,L,L
571875,Jake Lamb,L,R
571882,Derek Law,R,R
571901,Aaron Loup,L,L
571912,Luke Maile,R,R
571917,Parker Markel,R,R
571918,Deven Marrero,R,R
571927,Steven Matz,R,L
571945,Miles Mikolas,R,R
571946,Shelby Miller,R,R
571948,Hoby Milner,L,L
571951,Bryan Mitchell,L,R
571970,Max Muncy,L,R
571974,John Ryan Murphy,R,R
571976,Wil Myers,R,R
571980,Tyler Naquin,L,R
572008,Chris Owings,R,R
572020,James Paxton,L,L
572021,James Pazos,R,L
572033,Josh Phegley,R,R
572039,Stephen Piscotty,R,R
572041,AJ Pollock,R,R
572070,Garrett Richards,R,R
572073,Joey Rickard,R,L
572096,Trevor Rosenthal,R,R
572122,Kyle Seager,L,R
572125,Sam Selman,R,L
572138,Jon Singleton,L,L
572143,Burch Smith,R,R
572180,Andrew Susac,R,R
572191,Michael A. Taylor,R,R
572193,Ryan Tepera,R,R
572204,Trayce Thompson,R,R
572228,Luke Voit,R,R
572233,Christian Walker,R,R
572287,Mike Zunino,R,R
572362,Robbie Erlin,R,L
572365,Ryan Goins,L,R
572383,Brian Moran,L,L
572403,Drew VerHagen,R,R
572703,Luke Bard,R,R
572761,Matt Carpenter,L,R
572816,Corey Dickerson,L,R
572821,Brian Dozier,R,R
572863,Dustin Garneau,R,R
572888,Shane Greene,R,R
572955,Pierce Johnson,R,R
572971,Dallas Keuchel,L,L
573009,Joe Mantiply,R,L
573046,Mike Morin,R,R
573062,Aaron Northcraft,R,R
573109,AJ Ramos,R,R
573124,Taylor Rogers,L,L
573127,Zac Rosscup,R,L
573131,Darin Ruf,R,R
573186,Marcus Stroman,R,R
573204,Caleb Thielbar,R,L
573262,Mike Yastrzemski,L,L
573668,Juan Minaya,R,R
575929,Willson Contreras,R,R
576397,Jedd Gyorko,R,R
578428,Jose Iglesias,R,R
578570,Juniel Querecuto,S,R
579328,Yusei Kikuchi,L,L
580792,Nick Goody,R,R
588751,Adeiny Hechavarría,R,R
591712,Óscar Hernández,R,R
591720,Ronald Torreyes,R,R
591741,José Osuna,R,R
591971,Breyvic Valera,S,R
592094,Jason Adam,R,R
592122,Tyler Austin,R,R
592135,Cam Bedrosian,R,R
592144,Wynton Bernard,R,R
592145,Jesse Biddle,L,L
592155,Cam Booser,L,L
592165,Brandon Brennan,R,R
592169,Austin Brice,R,R
592178,Kris Bryant,R,R
592192,Mark Canha,R,R
592200,Curt Casali,R,R
592206,Nick Castellanos,R,R
592222,Alex Claudio,L,L
592229,Dylan Covey,R,R
592233,Stefan Crichton,R,R
592254,José De León,R,R
592261,Delino DeShields,R,R
592273,Brandon Drury,R,R
592288,Kent Emanuel,L,L
592314,Mike Foltynewicz,R,R
592325,Ben Gamel,L,L
592332,Kevin Gausman,L,R
592346,Chi Chi González,R,R
592348,Niko Goodrum,S,R
592351,Jon Gray,R,R
592387,Ryon Healy,R,R
592390,Heath Hembree,R,R
592407,Bryan Holaday,R,R
592419,Jared Hoying,L,R
592426,Luke Jackson,R,R
592444,JaCoby Jones,R,R
592450,Aaron Judge,R,R
592454,Tommy Kahnle,R,R
592464,Mike Kickham,L,L
592473,Adam Kolarek,L,L
592499,Artie Lewicki,R,R
592518,Manny Machado,R,R
592527,Michael Mariot,R,R
592530,José Marmolejos,L,L
592567,Colin Moran,L,R
592612,Josh Osich,L,L
592622,Mark Payton,L,L
592626,Joc Pederson,L,L
592644,Adam Plutko,R,R
592656,Henry Ramos,S,R
592660,Rangel Ravelo,R,R
592662,Robbie Ray,L,L
592663,J.T. Realmuto,R,R
592669,Hunter Renfroe,R,R
592680,Yadiel Rivera,R,R
592696,Eddie Rosario,L,R
592712,Connor Sadzeck,R,R
592716,Adrian Sampson,R,R
592717,Aaron Sanchez,R,R
592741,Chasen Shreve,L,L
592743,Andrelton Simmons,R,R
592761,Caleb Smith,R,L
592767,Drew Smyly,L,L
592773,Ryne Stanek,R,R
592779,Brock Stewart,L,R
592789,Noah Syndergaard,L,R
592791,Jameson Taillon,R,R
592804,Tyler Thornburg,R,R
592811,Andrew Triggs,R,R
592826,Vince Velasquez,R,R
592831,Konner Wade,L,R
592833,Bobby Wahl,R,R
592836,Taijuan Walker,R,R
592848,Zack Weiss,R,R
592858,Rowan Wick,L,R
592859,Stevie Wilkerson,S,R
592863,Mason Williams,L,R
592865,Taylor Williams,S,R
592866,Trevor Williams,R,R
592879,Asher Wojciechowski,R,R
592885,Christian Yelich,L,R
593140,Michael Feliz,R,R
593144,Richard Rodríguez,R,R
593160,Whit Merrifield,R,R
593334,Domingo Germán,R,R
593372,Carlos Martinez,R,R
593423,Frankie Montas,R,R
593428,Xander Bogaerts,R,R
593528,Jorge Bonifacio,R,R
593576,Héctor Neris,R,R
593590,Webster Rivas,R,R
593604,Alberto Baldonado,L,L
593619,Domingo Tapia,R,R
593643,Hanser Alberto,R,R
593833,Wander Suero,R,R
593871,Jorge Polanco,S,R
593934,Miguel Sanó,R,R
593958,Eduardo Rodriguez,L,L
593974,Wandy Peralta,L,L
593993,José Briceño,R,R
594027,Tyron Guerrero,R,R
594056,Reymin Guduan,L,L
594311,Jandel Gustave,R,R
594577,Mike Mayers,R,R
594580,Sam Moll,L,L
594694,Wilmer Difo,S,R
594777,Kole Calhoun,L,L
594795,Grant Dayton,L,L
594798,Jacob deGrom,L,R
594807,Adam Duvall,R,R
594809,Adam Eaton,L,L
594824,Greg Garcia,L,R
594835,Marco Gonzales,L,L
594838,Phil Gosselin,R,R
594840,Matt Grace,L,L
594902,Ben Lively,R,R
594943,Zach Neal,R,R
594965,Daniel Ponce de Leon,R,R
594985,Ben Rowen,R,R
594986,Kyle Ryan,L,L
594987,Casey Sadler,R,R
594988,Scott Schebler,L,R
595001,Josh A. Smith,R,R
595014,Blake Treinen,R,R
595191,Jerad Eickhoff,R,R
595263,Mickey Jannis,R,R
595281,Kevin Kiermaier,L,R
595284,Andrew Knapp,S,R
595345,Steven Okert,L,L
595375,JT Riddle,L,R
595411,Ryan Sherriff,L,L
595453,Chad Wallach,R,R
595465,Dan Winkler,R,R
595751,Jorge Alfaro,R,R
595777,Jurickson Profar,S,R
595798,R.J. Alaniz,R,R
595879,Javier Báez,R,R
595881,Tyler Beede,R,R
595897,Nick Burdi,R,R
595909,Jake Cave,L,L
595918,A.J. Cole,R,R
595928,John Curtiss,R,R
595939,Chris Ellis,L,R
595943,Phillip Evans,R,R
595956,Cam Gallagher,R,R
595978,Austin Hedges,R,R
595981,Scott Heineman,R,R
596001,Jakob Junis,R,R
596019,Francisco Lindor,S,R
596027,Dillon Maples,R,R
596035,Reggie McClain,R,R
596043,Daniel Mengden,R,R
596049,Shawn Morimando,L,L
596056,John Nogowski,R,L
596057,Daniel Norris,L,L
596059,Rougned Odor,L,R
596071,Dillon Peters,L,L
596082,Jake Reed,R,R
596101,Justin Shafer,R,R
596103,Austin Slater,R,R
596105,Dwight Smith Jr.,L,R
596112,Robert Stephenson,R,R
596115,Trevor Story,R,R
596117,Garrett Stubbs,L,R
596129,Daniel Vogelbach,L,R
596133,Luke Weaver,R,R
596142,Gary Sánchez,R,R
596144,Cheslor Cuthbert,R,R
596146,Max Kepler,L,L
596271,Casey Lawrence,R,R
596295,Austin Gomber,L,L
596451,Roman Quinn,S,R
596720,Dovydas Neverauskas,R,R
596748,Maikel Franco,R,R
596825,Robel García,S,R
596847,Ji Man Choi,L,R
597113,DJ Johnson,L,R
598264,Matt Barnes,R,R
598265,Jackie Bradley Jr.,L,R
598286,Nick Ramirez,L,L
598287,Noé Ramirez,R,R
599096,Dilson Herrera,R,R
600301,Taylor Motter,R,R
600303,Tommy La Stella,L,R
600474,Pedro Severino,R,R
600524,Renato Núñez,R,R
600858,Humberto Arteaga,R,R
600869,Jeimer Candelario,S,R
600887,Miguel Del Pozo,L,L
600917,José Leclerc,R,R
600921,Andrés Machado,R,R
600944,David Paulino,R,R
600968,Randy Rosario,L,L
600986,Thyago Vieira,R,R
601713,Nick Pivetta,R,R
602074,Yonathan Daza,R,R
602080,Erick Castillo,R,R
602104,Ramón Urías,R,R
602922,José Rondon,R,R
605113,Nick Ahmed,R,R
605119,Brian Anderson,R,R
605121,Justin Anderson,L,R
605130,Scott Barlow,R,R
605131,Austin Barnes,R,R
605135,Chris Bassitt,R,R
605137,Josh Bell,S,R
605138,Wes Benjamin,R,L
605141,Mookie Betts,R,R
605143,Ray Black,R,R
605151,Archie Bradley,R,R
605154,John Brebbia,L,R
605155,Colten Brewer,R,R
605156,Aaron Brooks,R,R
605164,Dylan Bundy,S,R
605170,Victor Caratini,S,R
605177,Andrew Chafin,R,L
605182,Mike Clevinger,R,R
605194,Jharel Cotton,R,R
605195,Kyle Crick,L,R
605196,Kevin Cron,R,R
605200,Zach Davies,R,R
605204,J.D. Davis,R,R
605218,Carl Edwards Jr.,R,R
605233,Derek Fisher,L,R
605240,Jace Fry,L,L
605242,Michael Fulmer,R,R
605244,Aramis Garcia,R,R
605253,Terrance Gore,R,R
605276,David Hess,R,R
605280,Clay Holmes,R,R
605288,Adrian Houser,R,R
605309,Keone Kela,R,R
605335,Brandon Leibrandt,L,L
605346,Jack López,R,R
605347,Jorge López,R,R
605353,Vimael Machín,L,R
605359,Evan Marshall,R,R
605361,Nick Martini,L,L
605388,Adam Morgan,L,L
605397,Joe Musgrove,R,R
605400,Aaron Nola,R,R
605412,Joe Panik,L,R
605421,Michael Pérez,L,R
605441,Yacksel Ríos,R,R
605446,Dereck Rodríguez,R,R
605447,Jordan Romano,R,R
605452,Joe Ross,R,R
605463,Tayler Scott,R,R
605479,Josh D. Smith,L,L
605480,Mallex Smith,L,R
605482,Cy Sneed,R,R
605483,Blake Snell,L,L
605486,Cory Spangenberg,L,R
605488,Jeffrey Springs,L,L
605490,Bubba Starling,R,R
605498,Andrew Suárez,L,L
605501,Stephen Tarpley,R,L
605504,Dillon Thomas,L,L
605507,Zach Thompson,R,R
605513,Spencer Turnbull,R,R
605521,Art Warren,R,R
605525,J.B. Wendelken,R,R
605538,Matt Wisler,R,R
605540,Brandon Woodruff,L,R
605541,Mike Wright Jr.,R,R
605548,Bradley Zimmer,L,R
605612,Harold Castro,L,R
606019,Esteban Quiroz,L,R
606115,Orlando Arcia,R,R
606131,Luis Perdomo,R,R
606132,Raimel Tapia,L,L
606149,Giovanny Gallegos,R,R
606157,Aristides Aquino,R,R
606160,Rafael Montero,R,R
606162,Yefry Ramírez,R,R
606192,Teoscar Hernández,R,R
606213,Yermín Mercedes,R,R
606273,Roenis Elías,L,L
606299,José Peraza,R,R
606303,Joel Payamps,R,R
606336,Luis Marté,R,R
606424,Jarlín García,L,L
606466,Ketel Marte,S,R
606625,Reyes Moronta,R,R
606930,Jacob Barnes,R,R
606944,Cody Carroll,R,R
606965,Chris Devenski,R,R
606988,Grayson Greiner,R,R
606992,Eric Haase,R,R
606993,Jake Hager,R,R
606996,Kyle Hart,L,L
607043,Brandon Nimmo,L,R
607054,Jace Peterson,L,R
607067,Colin Rea,R,R
607074,Carlos Rodón,L,L
607111,Jacob Wilson,R,R
607179,Jordan Weems,L,R
607188,Jake Faria,R,R
607192,Tyler Glasnow,L,R
607200,Erick Fedde,R,R
607208,Trea Turner,R,R
607216,Joey Krehbiel,R,R
607219,Sal Romano,L,R
607229,Robert Gsellman,R,R
607231,John Gant,R,R
607237,Amir Garrett,R,L
607249,Jason Krizan,L,R
607259,Nick Martinez,L,R
607333,Beau Taylor,L,R
607345,Kevan Smith,R,R
607352,Joe Biagini,R,R
607359,Spencer Patton,R,R
607374,Nick Tropeano,R,R
607391,Chris Mazza,R,R
607430,John Andreoli,R,R
607455,Anthony Banda,L,L
607457,Kyle Barraclough,R,R
607461,Matt Beaty,L,R
607468,Alex Blandino,R,R
607481,Aaron Bummer,L,L
607536,Kyle Freeland,L,L
607555,Taylor Guilbeau,L,L
607560,Ryne Harper,R,R
607572,Sam Howard,R,L
607609,A.J. Ladwig,R,R
607625,Seth Lugo,R,R
607644,John Means,L,L
607680,Kevin Pillar,R,R
607732,Jacob Stallings,R,R
607755,Andrew Vasquez,L,L
607968,Drew Rucinski,R,R
608032,Carlos Estévez,R,R
608070,José Ramírez,S,R
608324,Alex Bregman,R,R
608328,Chase De Jong,L,R
608331,Max Fried,L,L
608334,Carson Fulmer,R,R
608335,Kyle Funkhouser,R,R
608336,Joey Gallo,L,R
608337,Lucas Giolito,R,R
608344,Cole Irvin,L,L
608348,Carson Kelly,R,R
608349,Corey Knebel,R,R
608360,Chris Okey,R,R
608369,Corey Seager,L,R
608371,Lucas Sims,R,R
608372,Tomoyuki Sugano,R,R
608379,Michael Wacha,R,R
608384,Nick Williams,L,L
608385,Jesse Winker,L,L
608422,José Godoy,L,R
608475,Dawel Lugo,R,R
608566,Germán Márquez,R,R
608577,Nomar Mazara,L,L
608596,Tom Murphy,R,R
608597,Ronald Guzmán,L,L
608638,JT Chargois,S,R
608648,Tyler Duffey,R,R
608650,Dietrich Enns,L,L
608652,Luke Farrell,L,R
608665,Kendall Graveman,R,R
608671,Travis Jankowski,L,R
608678,Dominic Leone,R,R
608686,Jack Mayfield,R,R
608700,Kevin Plawecki,R,R
608701,Rob Refsnyder,R,R
608703,Matt Reynolds,R,R
608716,Drew Steckenrider,R,R
608717,Chris Stratton,R,R
608718,Brent Suter,L,L
608723,Austin Voth,R,R
608841,Joey Meneses,R,R
609274,Elier Hernandez,R,R
609275,Adalberto Mondesi,S,R
609280,Miguel Andujar,R,R
611093,Silvino Bracho,R,R
612434,Miguel Castro,R,R
613534,Austin Adams,R,R
613564,Jason Vosler,L,R
614173,Franchy Cordero,L,R
614177,Franmil Reyes,R,R
614179,José Ruiz,R,R
615698,Cal Quantrill,L,R
615699,Jacob Robson,L,R
617228,Hirokazu Sawamura,R,R
620396,Miguel Aguilar,L,L
620439,Franklin Barreto,R,R
620443,Luis Torrens,R,R
620445,José Mujica,R,R
620453,Deivy Grullón,R,R
620454,José Castillo,L,L
620982,Ricardo Pinto,R,R
621002,Daniel Robertson,R,R
621005,Tim Lopes,R,R
621006,Richie Martin Jr.,R,R
621008,Alex De Goti,R,R
621011,Max Schrock,L,R
621016,Jose Cuas,R,R
621020,Dansby Swanson,R,R
621028,Kevin Newman,R,R
621035,Chris Taylor,R,R
621043,Carlos Correa,R,R
621051,Steven Wilson,R,R
621052,Alex Reyes,R,R
621053,Tyler Ferguson,R,R
621056,Hunter Wood,R,R
621057,Justin Garza,R,R
621074,Michael Rucker,R,R
621076,James Kaprielian,R,R
621078,Brady Lail,R,R
621079,Collin Wiles,R,R
621082,Jake Lemoine,R,R
621097,Jacob Waguespack,R,R
621098,Eric Hanhold,R,R
621107,Zach Eflin,R,R
621111,Walker Buehler,R,R
621112,Paul Blackburn,R,R
621114,Ryan Burr,R,R
621121,Lance McCullers Jr.,L,R
621129,Kyle Cody,R,R
621139,Brooks Kriske,R,R
621141,Walker Lockett,R,R
621142,Ty Buttrey,L,R
621199,Matt Bowman,R,R
621219,Alec Mills,R,R
621237,José Alvarado,L,L
621242,Edwin Díaz,R,R
621244,José Berríos,R,R
621248,Ralph Garza Jr.,R,R
621249,Duane Underwood Jr.,R,R
621259,Brody Koerner,R,R
621261,Corey Oswalt,R,R
621290,Dakota Bacus,R,R
621294,Ben Heller,R,R
621295,Nick Wittgren,R,R
621311,David Dahl,L,R
621345,A.J. Minter,L,L
621348,Sam Clay,L,L
621363,Colin Poche,L,L
621366,Ryan Borucki,L,L
621368,Taylor Hearn,L,L
621381,Matt Strahm,R,L
621383,Tanner Banks,R,L
621389,Ty Blach,R,L
621399,Brady Feigl,R,L
621433,Brett Phillips,L,R
621438,Tyrone Taylor,R,R
621439,Byron Buxton,R,R
621446,Lewis Brinson,R,R
621450,Skye Bolt,S,R
621453,Steven Duggar,L,R
621458,Edwin Rios,L,R
621466,DJ Stewart,L,R
621493,Taylor Ward,R,R
621500,Wyatt Mathisen,R,R
621512,Tomás Nido,R,R
621514,Christin Stewart,L,R
621529,Joe Hudson,R,R
621532,Anthony Bemboom,L,R
621545,Zach Remillard,R,R
621550,Patrick Wisdom,R,R
621559,Max Moroff,S,R
621563,Joey Wendle,L,R
621566,Matt Olson,L,R
621573,Austin Dean,R,R
621593,Anthony Castro,R,R
622065,Alex Young,L,L
622072,Alex Wood,R,L
622075,Yency Almonte,R,R
622088,Tejay Antone,R,R
622092,Kyle Zimmer,R,R
622098,Drew Smith,R,R
622100,Taylor Jones,R,R
622103,Gerardo Reyes,R,R
622110,Matt Duffy,R,R
622168,Yairo Muñoz,R,R
622250,Josh Sborz,R,R
622251,Josh Staumont,R,R
622253,Dillon Tate,R,R
622256,Patrick Weigel,R,R
622259,Trey Wingenter,R,R
622268,Donovan Walton,L,R
622379,Luis F. Castillo,R,R
622446,Jefry Rodriguez,R,R
622490,Robinson Leyer,R,R
622491,Luis Castillo,R,R
622492,Keury Mella,R,R
622503,Nabil Crismatt,R,R
622534,Manuel Margot,R,R
622554,Seranthony Domínguez,R,R
622569,Pablo Reyes,R,R
622608,Antonio Senzatela,R,R
622663,Luis Severino,R,R
622666,Johan Camargo,S,R
622668,Ivan Castillo,S,R
622682,Victor Reyes,S,R
622694,Elieser Hernández,R,R
622761,Jorge Mateo,R,R
622766,Miguel Díaz,R,R
622772,Jimmy Cordero,R,R
622780,Angel Perdomo,L,L
622786,Jesus Tinoco,R,R
623149,Paul Sewald,R,R
623167,Chris Flexen,R,R
623168,Tyler Heineman,S,R
623182,Patrick Kivlehan,R,R
623205,Andrew Velazquez,S,R
623211,Huascar Brazobán,R,R
623323,Braden Bishop,R,R
623352,Josh Hader,L,L
623354,Daniel Zamora,L,L
623364,Brad Wieck,L,L
623381,Thomas Pannone,L,L
623433,Nick Anderson,R,R
623437,Justin Topa,R,R
623451,Jackson Stephens,R,R
623454,Drew Anderson,R,R
623465,Evan Phillips,R,R
623470,Jake Newberry,R,R
623474,Jimmy Herget,R,R
623485,Ashton Goudeau,R,R
623507,Josh Lester,L,R
623508,Trent Giambrone,R,R
623515,Drew Jackson,R,R
623520,David Bote,R,R
623912,Harold Ramírez,R,R
623993,Anthony Santander,S,R
624133,Ranger Suarez,L,L
624407,Tzu-Wei Lin,L,R
624413,Pete Alonso,R,R
624414,Christian Arroyo,R,R
624415,Cavan Biggio,L,R
624418,Ryan Castellani,R,R
624419,Nick Ciuffo,L,R
624424,Michael Conforto,L,R
624427,Stephen Gonsalves,L,L
624428,Adam Frazier,L,R
624431,Jose Trevino,R,R
624503,Nick Gordon,L,R
624512,Reese McGuire,L,R
624513,Dom Nuñez,L,R
624522,Keegan Thompson,R,R
624585,Jorge Soler,R,R
624586,James Hoyt,R,R
624641,Edmundo Sosa,R,R
624647,Victor González,L,L
625510,Erick Mejia,S,R
625643,Reynaldo López,R,R
626929,Lewis Thorpe,R,L
628317,Kenta Maeda,R,R
628338,Guillermo Heredia,R,L
628345,Darien Núñez,L,L
628450,Yadiel Hernandez,L,R
628451,Andy Ibáñez,R,R
628452,Raisel Iglesias,R,R
628708,Yunior Marte,R,R
628711,Julio Urías,L,L
629498,Johan Quezada,R,R
630023,Yonny Chirinos,R,R
630105,Jake Cronenworth,L,R
630263,James Bourque,R,R
640444,Wil Crowe,R,R
640447,Phillip Ervin,R,R
640448,Kyle Finnegan,R,R
640449,Clint Frazier,R,R
640451,Hunter Harvey,R,R
640454,Matt Krook,L,L
640455,Sean Manaea,R,L
640457,Austin Meadows,L,L
640458,Óscar Mercado,R,R
640459,Brian Navarreto,R,R
640461,Chad Pinder,R,R
640462,A.J. Puk,L,L
640464,Kohl Stewart,R,R
640470,Adbert Alzolay,R,R
640492,José Azócar,R,R
640902,Jhonny Pereda,R,R
641149,Wes Parsons,R,R
641154,Pablo López,L,R
641302,Tyler Alexander,R,L
641312,Shaun Anderson,R,R
641313,Tim Anderson,R,R
641329,Bryan Baker,R,R
641341,Tyler Bashlor,R,R
641343,Jake Bauers,L,L
641355,Cody Bellinger,L,L
641360,Phil Bickford,R,R
641384,Akeem Bostick,R,R
641386,Ben Bowden,L,L
641394,Jake Brentz,L,L
641401,Connor Brogdon,R,R
641420,Zack Burdi,R,R
641427,Alan Busenitz,R,R
641432,Willie Calhoun,L,R
641447,Daniel Castano,L,L
641470,Zack Collins,L,R
641477,Ryan Cordell,R,R
641482,Nestor Cortes,R,L
641487,J.P. Crawford,L,R
641501,Tyler Danish,R,R
641505,Jonathan Davis,R,R
641511,Jason Delay,R,R
641512,Ben DeLuzio,R,R
641513,Travis Demeritte,R,R
641525,Brandon Dixon,R,R
641531,Hunter Dozier,R,R
641540,Dane Dunning,R,R
641541,Jon Duplantier,L,R
641553,Adam Engel,R,R
641555,J.C. Escarra,L,R
641561,Johneshwy Fargas,R,R
641576,Bernardo Flores Jr.,L,L
641582,Matt Foster,R,R
641583,Dustin Fowler,L,L
641584,Jake Fraley,L,L
641585,J.P. France,R,R
641598,Mitch Garver,R,R
641627,Trevor Gott,R,R
641632,Conner Greene,R,R
641645,Luis Guillorme,L,R
641656,Ian Hamilton,R,R
641658,Garrett Hampson,R,R
641672,Thomas Hatch,R,R
641680,Jonah Heim,S,R
641682,Ryan Hendrix,R,R
641684,Michael Hermosillo,R,R
641703,Brent Honeywell,R,R
641712,Dakota Hudson,R,R
641726,Daulton Jefferies,L,R
641729,Joe Jiménez,R,R
641739,Rob Kaminsky,R,L
641741,Gosuke Katoh,L,R
641743,Anthony Kay,L,L
641745,Brad Keller,R,R
641755,Tyler Kinley,R,R
641771,Chad Kuhl,R,R
641778,Eric Lauer,R,L
641779,Charles Leblanc,R,R
641786,Kyle Lewis,R,R
641793,Zack Littell,R,R
641796,Tim Locastro,R,R
641816,Tyler Mahle,R,R
641820,Trey Mancini,R,R
641829,Jason Martin,L,R
641835,Tim Mayza,L,L
641838,Kevin McCarthy,R,R
641851,Kyle McGowin,R,R
641853,David McKay,R,R
641856,Billy McKinney,L,L
641857,Ryan McMahon,L,R
641871,Keynan Middleton,R,R
641878,Ian Miller,L,R
641907,Patrick Murphy,R,R
641914,Sheldon Neuse,R,R
641924,Jacob Nottingham,R,R
641927,Bailey Ober,R,R
641929,Joseph Odom,R,R
641933,Tyler O'Neill,R,R
641941,Emilio Pagán,L,R
641943,Joshua Palacios,L,R
641995,Roel Ramírez,R,R
641999,Corey Ray,L,L
642003,Cody Reed,L,L
642016,Daniel Robert,L,R
642020,Chuckie Robinson,R,R
642028,Josh Rogers,L,L
642048,Tayler Saucedo,L,L
642060,Cody Sedlock,R,R
642068,Jordan Sheffield,R,R
642073,James Sherfy,R,R
642082,Chance Sisco,L,R
642083,Aaron Slegers,R,R
642086,Dominic Smith,L,L
642092,Riley Smith,R,R
642098,Glenn Sparkman,R,R
642100,Gabe Speier,L,L
642121,Cole Sulser,R,R
642130,Blake Taylor,L,L
642133,Rowdy Tellez,L,L
642136,Matt Thaiss,L,R
642137,Cody Thomas,L,R
642152,Lou Trivino III,R,R
642162,Pat Valaika,R,R
642165,Josh VanMeter,L,R
642180,Tyler Wade,L,R
642197,Jamie Westbrook,R,R
642201,Eli White,R,R
642203,Taylor Widener,L,R
642207,Devin Williams,R,R
642211,Justin Williams,L,R
642215,Weston Wilson,R,R
642216,Allan Winans,R,R
642221,Kean Wong,L,R
642231,Jimmy Yacabonis,R,R
642232,Ryan Yarbrough,R,L
642233,Eric Yardley,R,R
642239,Rob Zastryzny,R,L
642336,Francisco Mejía,S,R
642350,Jose Siri,R,R
642397,Gregory Soto,L,L
642423,Magneuris Sierra,L,L
642451,Luis Liberato,L,L
642456,Luis Barrera,L,L
642520,Gerson Garabito,R,R
642528,Jonathan Loáisiga,R,R
642545,Jaime Barria,R,R
642546,Jonathan Hernández,R,R
642547,Freddy Peralta,R,R
642558,Ariel Jurado,R,R
642578,José Rodríguez,R,R
642584,Franklyn Kilome,R,R
642585,Félix Bautista,R,R
642629,Emmanuel Ramirez,R,R
642657,Cristofer Ogando,R,R
642659,Raynel Espinal,R,R
642701,Dennis Santana,R,R
642708,Amed Rosario,R,R
642715,Willy Adames,R,R
642721,Kelvin Gutiérrez,R,R
642727,Sergio Alcántara,S,R
642731,Thairo Estrada,R,R
642736,Domingo Leyba,S,R
642758,Domingo Acevedo,R,R
642759,Julian Fernández,R,R
642770,Javy Guerra,L,R
642772,Luis Alexander Basabe,S,R
642834,Jonathan Bermúdez,L,L
642840,Joe Harvey,R,R
642851,Austin Wynns,R,R
643217,Andrew Benintendi,L,L
643230,Steven Brault,L,L
643256,Adam Cimber,R,R
643265,Garrett Cooper,R,R
643269,Will Craig,R,R
643271,Narciso Crook,R,R
643289,Mauricio Dubón,R,R
643290,Justin Dunn,R,R
643316,Paul Fry,L,L
643327,Zack Godley,R,R
643338,Chad Green,L,R
643348,Caleb Hamilton,R,R
643361,Kevin Herget,L,R
643376,Danny Jansen,R,R
643377,Griffin Jax,R,R
643393,Tony Kemp,L,R
643396,Isiah Kiner-Falefa,R,R
643400,Dusten Knight,R,R
643410,Mark Leiter Jr.,R,R
643418,Shed Long Jr.,L,R
643436,Ryan McBroom,R,L
643446,Jeff McNeil,L,R
643478,Joe Palumbo,L,L
643493,Austin Pruitt,R,R
643511,Tyler Rogers,R,R
643524,Frank Schwindel,R,R
643532,Sterling Sharp,R,R
643565,Mike Tauchman,L,L
643615,T.J. Zeuch,R,R
643778,Tyler Webb,L,L
644337,Nate Orf,R,R
644364,Víctor Arano,R,R
644374,Yu Chang,R,R
644429,Anderson Severino,L,L
644433,Chadwick Tromp,R,R
645261,Sandy Alcantara,R,R
645277,Ozzie Albies,S,R
645302,Victor Robles,R,R
645305,Ali Sánchez,R,R
645307,Ricardo Sánchez,L,L
645444,Jose Herrera,S,R
645801,Mike Ford,L,R
646240,Rafael Devers,L,R
646241,Enmanuel De Jesus,L,L
646242,Jhonathan Díaz,L,L
647304,Josh Naylor,L,L
647315,Zach Pop,R,R
647336,Michael Soroka,R,R
647351,Abraham Toro,S,R
649144,Alex Wells,L,L
649557,Aledmys Díaz,R,R
649966,Luis Urías,R,R
650204,Norge Ruiz,R,R
650331,Lewin Díaz,L,L
650333,Luis Arraez,L,R
650339,Jermaine Palacios,R,R
650347,Luís Madero,R,R
650382,Darwinzon Hernández,L,L
650391,Eloy Jiménez,R,R
650402,Gleyber Torres,R,R
650489,Willi Castro,S,R
650490,Yandy Díaz,R,R
650496,J.C. Mejía,R,R
650530,Bryan Garcia,R,R
650556,Bryan Abreu,R,R
650559,Bryan De La Cruz,R,R
650619,Meibrys Viloria,L,R
650633,Michael King,R,R
650644,Aaron Civale,R,R
650668,Humberto Mejía,R,R
650671,José Quijada,L,L
650828,Edgar Santana,R,R
650859,Luis Rengifo,S,R
650893,Génesis Cabrera,L,L
650895,Diego Castillo,R,R
650907,René Pinto,R,R
650911,Cristopher Sánchez,L,L
650959,Marcos Diplán,R,R
650960,Daniel Duarte,R,R
650968,Yohel Pozo,R,R
655316,Andruw Monasterio,R,R
655889,Manuel Rodríguez,R,R
656004,Carlos Sanabria,R,R
656008,Aneurys Zabala,R,R
656024,Carlos Pérez,R,R
656061,Albert Abreu,R,R
656180,Riley Adams,R,R
656185,Greg Allen,S,R
656186,Dan Altavilla,R,R
656212,Charlie Barnes,L,L
656222,Jalen Beeks,L,L
656232,Brandon Bielak,L,R
656234,Jake Bird,R,R
656240,Scott Blewett,R,R
656248,Sean Bouchard,R,R
656252,Bobby Bradley,L,R
656257,Jeff Brigham,R,R
656266,J.B. Bukauskas,R,R
656271,Brock Burke,L,L
656288,Griffin Canning,R,R
656290,Drew Carlton,R,R
656302,Dylan Cease,R,R
656305,Matt Chapman,R,R
656308,Michael Chavis,R,R
656322,Sam Coonrod,R,R
656353,Tucker Davidson,L,L
656354,Austin Davis,L,L
656364,Greg Deichmann,L,R
656371,Isan Díaz,L,R
656382,Tommy Doyle,R,R
656388,Joe Dunand,R,R
656403,Drew Ellis,R,R
656412,Alex Faedo,R,R
656413,Stuart Fairchild,R,R
656420,J.P. Feyereisen,R,R
656427,Jack Flaherty,R,R
656448,Stone Garrett,R,R
656457,Tyler Gilbert,L,L
656458,Lucas Gilbreath,L,L
656464,Kevin Ginkel,L,R
656467,Chris Gittens,R,R
656484,Tristan Gray,L,R
656492,Foster Griffin,R,L
656494,Taylor Gushue,S,R
656495,Dalton Guthrie,R,R
656509,Monte Harrison,R,R
656514,Adam Haseley,L,L
656529,Sam Hentges,L,L
656537,Derek Hill,R,R
656541,Sam Hilliard,L,L
656546,Jeff Hoffman,R,R
656547,Jonathan Holder,R,R
656548,Jordan Holloway,R,R
656550,Grant Holmes,L,R
656555,Rhys Hoskins,R,R
656557,Tanner Houck,R,R
656568,Scott Hurst,L,R
656577,Alex Jackson,R,R
656578,Andre Jackson,R,R
656582,Connor Joe,R,R
656605,Mitch Keller,R,R
656620,Gabe Klobosits,L,R
656627,Mark Kolozsvary,R,R
656629,Michael Kopech,R,R
656638,Alex Lange,R,R
656641,Jacob Latz,R,L
656657,Zach Logue,L,L
656669,Jordan Luplow,R,R
656671,Josh Maciejewski,R,L
656685,Brett Martin,L,L
656686,Corbin Martin,R,R
656695,J.J. Matijevic,L,R
656716,Zach McKinstry,L,R
656725,Alex McRae,R,R
656730,Trevor Megill,L,R
656731,Tylor Megill,R,R
656755,Bryce Montes de Oca,R,R
656756,Jordan Montgomery,L,L
656775,Cedric Mullins,L,L
656786,Parker Mushinski,L,L
656793,Nick Nelson,R,R
656794,Sean Newcomb,L,L
656803,James Norwood,R,R
656811,Ryan O'Hearn,L,L
656814,Luis Ortiz,R,R
656818,Connor Overton,L,R
656820,Nicholas Padilla,R,R
656821,Kevin Padlo,R,R
656847,DJ Peters,R,R
656848,Michael Petersen,R,R
656849,David Peterson,L,L
656876,Drew Rasmussen,R,R
656883,Jakson Reetz,R,R
656887,Sean Reid-Foley,R,R
656896,Emmanuel Rivera,R,R
656913,Seth Romero,L,L
656924,Ryder Ryan,R,R
656941,Kyle Schwarber,L,R
656945,Tanner Scott,R,L
656954,Justus Sheffield,L,L
656970,Devin Smeltzer,R,L
656976,Pavin Smith,L,L
656977,Chad Sobotka,R,R
656981,Peter Solomon,R,R
656986,Bennett Sousa,L,L
657006,Justin Steele,L,L
657011,Troy Stokes Jr.,R,R
657024,Erik Swanson,R,R
657031,Josh Taylor,L,L
657041,Lane Thomas,R,R
657044,Ryan Thompson,R,R
657053,Touki Toussaint,R,R
657061,Cole Tucker,S,R
657077,Alex Verdugo,L,L
657088,Forrest Wall,L,R
657093,Spenser Watkins,R,R
657097,Jacob Webb,R,R
657108,Evan White,R,L
657129,Marcus Wilson,R,R
657136,Connor Wong,R,R
657140,Kyle Wright,R,R
657141,Jordan Yamamoto,R,R
657193,Eddy Alvarez,L,R
657228,Jake Jewell,R,R
657240,Julian Merryweather,R,R
657247,Brian O'Keefe,R,R
657248,Glenn Otto Jr.,R,R
657265,Peter Strzelecki,R,R
657272,Erich Uelmen,R,R
657277,Logan Webb,R,R
657376,Clarke Schmidt,R,R
657424,Matt Gage,L,L
657434,Brian O'Grady,L,R
657508,Mike Baumann,R,R
657514,Brennan Bernardino,L,L
657557,Paul DeJong,R,R
657571,Caleb Ferguson,R,L
657585,Reed Garrett,R,R
657610,Trevor Hildenberger,R,R
657611,Cam Hill,R,R
657612,Tim Hill,R,L
657624,Josh James,R,R
657649,Jared Koenig,R,L
657656,Ramón Laureano,R,R
657697,Vinny Nittoli,R,R
657709,Michael Papierski,S,R
657745,Bubby Rossman,S,R
657746,Joe Ryan,R,R
657756,Connor Seabold,R,R
657757,Gavin Sheets,L,L
657766,Locke St. John,L,L
657770,Eric Stout,L,L
658069,Joshua Fuentes,R,R
658305,Edgar García,R,R
658431,Adonis Medina,R,R
658551,Junior Fernández,R,R
658648,Pedro Avila,R,R
658668,Edward Olivares,R,R
659262,Anderson Espinoza,R,R
659275,Dinelson Lamet,R,R
660162,Yoán Moncada,S,R
660261,Shintaro Fujinami,R,R
660271,Shohei Ohtani,L,R
660294,Yoshi Tsutsugo,L,R
660365,Hyeon-Jong Yang,L,L
660422,Jorge Guzmán,R,R
660431,Hector Perez,R,R
660546,Yennsy Díaz,R,R
660593,Denyi Reyes,R,R
660600,Enoli Paredes,R,R
660604,Alan Rangel,R,R
660620,Jonathan Araúz,S,R
660623,Huascar Ynoa,R,R
660634,Yonny Hernández,S,R
660636,Diego Castillo,R,R
660644,Vidal Bruján,S,R
660650,Dérmis Garcia,R,R
660670,Ronald Acuña Jr.,R,R
660688,Keibert Ruiz,S,R
660707,Elehuris Montero,R,R
660710,Rodolfo Durán,R,R
660730,Elvin Rodríguez,R,R
660731,Anderson Tejeda,S,R
660757,Oscar Gonzalez,R,R
660758,Sandro Fabian,R,R
660761,José Suarez,L,L
660766,Juan Yepez,R,R
660787,Yerry De los Santos,R,R
660813,Brusdar Graterol,R,R
660821,Jesús Sánchez,L,R
660825,Eduard Bazardo,R,R
660829,Hoy Park,L,R
660844,Leo Rivas,S,R
660853,Enyel De Los Santos,R,R
660896,Jorge Alcala,R,R
660906,Francisco Pérez,S,L
661255,Yoan López,R,R
661269,Vladimir Gutierrez,R,R
661309,Adrián Martinez,R,R
661383,Oliver Ortega,R,R
661388,William Contreras,R,R
661395,Jhoan Duran,R,R
661403,Emmanuel Clase,R,R
661440,Mauricio Llovera,R,R
661527,Seth Martinez,R,R
661531,Brian Serven,R,R
661563,Luis Gil,R,R
662139,Daulton Varsho,L,R
662253,Andrés Muñoz,R,R
663158,Robert Suarez,R,R
663321,Nick Hernandez,R,R
663330,Jahmai Jones,R,R
663362,Matt Waldron,R,R
663366,Beau Burrows,R,R
663368,Blake Perkins,S,R
663372,Ryan Feltner,R,R
663378,Thomas Szapucki,R,L
663385,Chad Smith,R,R
663399,Brandon Waddell,L,L
663411,Joe McCarthy,L,L
663423,Trent Thornton,R,R
663432,Tanner Rainey,R,R
663436,Davis Martin,L,R
663455,Konnor Pilkington,L,L
663457,Lars Nootbaar,L,R
663460,Kris Bubic,L,L
663462,Isaiah Campbell,R,R
663465,Kolby Allard,L,L
663474,Triston McKenzie,R,R
663478,Brendon Davis,R,R
663485,Cole Sands,R,R
663494,Bryan Torres,L,R
663527,Tyler Nevin,R,R
663531,Logan Allen,R,L
663534,Nash Walters,R,R
663536,Tristin English,R,R
663538,Nico Hoerner,R,R
663542,Bryan Hudson,L,L
663546,Sean Hjelle,R,R
663550,Trey Cabbage,L,R
663554,Casey Mize,R,R
663556,Shane McClanahan,L,L
663558,Jovani Morán,L,L
663559,Bailey Falter,R,L
663562,Noah Davis,R,R
663567,Peter Lambert,R,R
663568,Stephen Kolek,R,R
663574,Tony Santillan,R,R
663584,Hayden Senger,R,R
663586,Austin Riley,R,R
663604,Brandon Lockridge,R,R
663609,Luken Baker,R,R
663611,Nick Madrigal,R,R
663616,Trevor Larnach,L,R
663623,Jake Irvin,R,R
663624,Ryan Mountcastle,R,R
663629,Ethan Small,L,L
663630,Ryan McKenna,R,R
663647,Ke'Bryan Hayes,R,R
663656,Kyle Tucker,L,R
663658,Thaddeus Ward,R,R
663662,Daz Cameron,R,R
663671,Nic Enright,R,R
663687,Hogan Harris,R,L
663697,Jonathan India,R,R
663698,Joey Bart,R,R
663704,James McArthur,R,R
663728,Cal Raleigh,S,R
663731,Connor Kaiser,R,R
663734,Nick Neidert,R,R
663738,Daniel Lynch IV,L,L
663743,Nick Fortes,R,R
663752,Cody Morris,R,R
663753,Reiss Knehr,L,R
663757,Trent Grisham,L,L
663765,Jake Woodford,R,R
663767,Chase Shugart,L,R
663770,Demarcus Evans,R,R
663773,Bryan Hoeing,R,R
663776,Patrick Sandoval,L,L
663795,Justin Hagenman,R,R
663796,Coco Montes,R,R
663799,Curtis Terry,R,R
663804,Jackson Kowar,R,R
663837,Matt Vierling,R,R
663845,Alfonso Rivas III,L,L
663853,Romy Gonzalez,R,R
663855,Jordan Hicks,R,R
663878,Nate Pearson,R,R
663886,Tyler Stephenson,R,R
663893,Brendon Little,L,L
663897,Luke Williams,R,R
663898,Brendan Rodgers,R,R
663903,Brady Singer,R,R
663905,Travis Blankenhorn,L,R
663911,Nick Plummer,L,L
663941,Tristan Beck,R,R
663947,Tyler Holton,L,L
663959,Tyler Ivey,R,R
663967,César Salazar,L,R
663968,Jake Mangum,S,L
663969,Tyler Phillips,R,R
663971,Blair Calvo,R,R
663975,Nick Duron,R,R
663978,Chris Paddack,R,R
663986,Trevor Stephan,R,R
663989,Nick Vespi,L,L
663992,Richard Lovelady,L,L
663993,Nathaniel Lowe,L,R
664011,Trey Amburgey,R,R
664023,Ian Happ,S,R
664028,Brett Kennedy,R,R
664029,Mark Mathias,R,R
664034,Ty France,R,R
664040,Brandon Lowe,L,R
664041,Jaylin Davis,R,R
664042,Travis Lakins,R,R
664045,Thomas Eshelman,R,R
664054,Cody Stashak,R,R
664056,Harrison Bader,R,R
664057,Andrew Stevenson,L,L
664058,David Fletcher,R,R
664059,Sam Haggerty,S,R
664062,Tony Gonsolin,R,R
664068,Scott Kingery,R,R
664069,Ben Braymer,L,L
664074,Cody Ponce,R,R
664076,Garrett Cleavinger,R,L
664079,Tyler Jay,L,L
664092,Sean Poppen,R,R
664119,Austin Allen,L,R
664123,Scott Effross,R,R
664126,Pete Fairbanks,R,R
664129,Geoff Hartlieb,R,R
664139,Ian Gibaut,R,R
664141,JT Brubaker,R,R
664157,Travis Bergen,L,L
664161,Matt Swarmer,R,R
664180,Matt Hall,L,L
664192,Joey Lucchesi,L,L
664196,Tanner Anderson,R,R
664199,Taylor Clarke,R,R
664202,Tyler Cyr,R,R
664208,Phil Maton,R,R
664238,Dylan Moore,R,R
664247,Kyle Garlick,R,R
664285,Framber Valdez,R,L
664294,Dauri Moreta,R,R
664299,Cristian Javier,R,R
664314,Estevan Florial,L,R
664334,Aaron Whitefield,R,R
664337,Miguel Yajure,R,R
664350,Sixto Sánchez,R,R
664351,Luis Contreras,R,R
664353,José Urquidy,R,R
664584,Jhon Romero,R,R
664670,Alejo Lopez,S,R
664682,Ryan Meisinger,R,R
664702,Myles Straw,R,R
664714,Ljay Newsome,R,R
664728,Kyle Isbel,L,R
664731,P.J. Higgins,R,R
664744,Jose Espada,R,R
664747,Alexis Díaz,R,R
664761,Alec Bohm,R,R
664770,Nathan Lukes,L,R
664774,LaMonte Wade Jr.,L,L
664776,Jake Cousins,R,R
664789,Ka'ai Tom,L,R
664848,Donny Sands,R,R
664849,Danny Young,L,L
664850,Patrick Mazeika,L,R
664852,Jay Flaa,R,R
664854,Ryan Helsley,R,R
664856,Chance Adams,R,R
664871,Kyle Dowdy,R,R
664874,Seby Zavala,R,R
664875,Justin Lawrence,R,R
664901,Danny Mendick,R,R
664913,Seth Brown,L,L
664918,Kyle Keller,R,R
664942,James Naile,R,R
664944,Cam Vieaux,L,L
664948,Anthony Misiewicz,R,L
664954,Brett Sullivan,L,R
664977,Blake Cederlind,R,R
664983,Jake McCarthy,L,L
664991,Grant Wolfram,L,L
665001,Trevor Kelley,R,R
665019,Kody Clemens,L,R
665048,Hobie Harris,R,R
665052,Griffin Conine,L,R
665066,Tyler Payne,R,R
665093,Zac Grotz,R,R
665120,Jared Walsh,L,L
665152,Dean Kremer,R,R
665154,Ford Proctor,L,R
665155,Nick Maton,L,R
665161,Jeremy Peña,R,R
665482,Gilberto Celestino,R,L
665487,Fernando Tatis Jr.,R,R
665489,Vladimir Guerrero Jr.,R,R
665506,Cristian Pache,R,R
665561,Rafael Marchán,S,R
665620,Deivi García,R,R
665621,Rony García,R,R
665622,Luis Medina,R,R
665625,Elvis Peguero,R,R
665645,Kervin Castro,R,R
665650,Lucius Fox,S,R
665660,Elvis Alvarado,R,R
665661,Shea Spitzbarth,R,R
665665,Reiver Sanmartin,L,L
665733,Antonio Santos,R,R
665734,Angel Felipe,R,R
665742,Juan Soto,L,L
665750,Leody Taveras,S,R
665759,Ramón Rosso,R,R
665782,Luis De Los Santos,R,R
665795,Edward Cabrera,R,R
665804,Miguel Amaya,R,R
665828,Oswaldo Cabrera,S,R
665833,Oneil Cruz,L,R
665839,Enmanuel Valdez,L,R
665854,Luis Oviedo,R,R
665856,Jair Camargo,R,R
665861,Sebastián Rivero,R,R
665862,Jazz Chisholm Jr.,L,R
665871,Javier Assad,R,R
665877,José Fermín,R,R
665896,José Marte,R,R
665922,Símon Muzziotti,L,L
665923,Esteury Ruiz,R,R
665926,Andrés Giménez,L,R
665947,Sherten Apostel,R,R
665953,Andrés Chaparro,R,R
665966,Carlos Narváez,R,R
666018,Jonathan Aranda,L,R
666023,Freddy Fermin,R,R
666120,Ian Anderson,R,R
666126,Carlos Cortes,L,S
666128,Mario Feliciano,R,R
666129,Braxton Garrett,R,L
666134,Nolan Jones,L,R
666135,Alex Kirilloff,L,L
666137,Khalil Lee,L,L
666139,Josh Lowe,L,R
666142,Cole Ragans,L,L
666149,Tyler Fitzgerald,R,R
666150,Dominic Fletcher,L,L
666152,David Hamilton,L,R
666154,Karl Kauffmann,R,R
666157,Nick Lodolo,L,L
666158,Gavin Lux,L,R
666159,Matt Manning,R,R
666160,Mickey Moniak,L,R
666163,Ben Rortvedt,L,R
666164,Blake Rutherford,L,R
666165,Blake Sabol,L,R
666168,Mason Thompson,R,R
666171,Ryan Zeferjahn,R,R
666176,Jo Adell,R,R
666179,Seth Beer,L,R
666181,Will Benson,L,L
666182,Bo Bichette,R,R
666185,Dylan Carlson,S,L
666197,Grae Kessinger,R,R
666198,Carter Kieboom,R,R
666200,Jesús Luzardo,L,L
666201,Alek Manoah,R,R
666204,Dany Jiménez,R,R
666205,Kyle Muller,R,L
666207,Riley Pint,R,R
666208,Alex Speas,R,R
666211,Taylor Trammell,L,L
666213,Colton Welker,R,R
666214,Joey Wentz,L,L
666215,Forrest Whitley,R,R
666277,George Soriano,R,R
666310,Bo Naylor,L,R
666364,Jordan Balazovic,R,R
666374,Matt Brash,R,R
666397,Edouard Julien,L,R
666464,Jerar Encarnacion,R,R
666619,Gregory Santos,R,R
666622,Brailyn Marquez,L,L
666624,Christopher Morel,R,R
666659,Sauryn Lao,R,R
666661,Juan Morillo,R,R
666674,Edwar Colina,R,R
666703,Eguy Rosario,R,R
666711,Joel Peguero,R,R
666720,Yerry Rodríguez,R,R
666721,Max Castillo,R,R
666745,Jhony Brito,R,R
666783,Yusniel Díaz,R,R
666801,Rodolfo Castro,R,R
666808,Camilo Doval,R,R
666818,Luis Frías,R,R
666906,Jake Alu,L,R
666915,Bobby Dalbec,R,R
666922,Ryan Aguilar,L,L
666931,Jared Oliva,R,R
666969,Adolis García,R,R
666971,Lourdes Gurriel Jr.,R,R
666974,Yennier Cano,R,R
667297,Tommy Nance,R,R
667373,Angel Rondón,R,R
667376,Miguel Sánchez,R,R
667427,Zach Jackson,R,R
667428,Grant Koch,R,R
667452,Corey Julks,R,R
667463,John King,L,L
667465,Aaron Fletcher,L,L
667472,Dane Myers,R,R
667478,Evan Kravetz,L,L
667498,Robert Dugger,R,R
667670,Brent Rooker,R,R
667674,Jack Kruger,R,R
667690,C.J. Stubbs,R,R
667725,Kyle Tyler,R,R
667727,Steele Walker,L,L
667755,José Soriano,R,R
668227,Randy Arozarena,R,R
668338,Tyson Miller,R,R
668390,Cole Winn,R,R
668470,Hagen Danner,R,R
668472,Nick Pratto,L,L
668663,Tres Barrera,R,R
668665,Stephen Nogosek,R,R
668670,Jake Rogers,R,R
668674,Lucas Erceg,L,R
668676,Zach Plesac,R,R
668678,Zac Gallen,R,R
668684,Tanner Tully,L,L
668687,Andre Scrubb,R,R
668709,JJ Bleday,L,L
668715,Spencer Steer,R,R
668716,Noah Murdock,R,R
668721,Payton Henry,R,R
668723,Ryan Vilade,R,R
668731,Akil Baddoo,L,L
668751,Cal Mitchell,L,L
668752,Duke Ellis,L,L
668754,Braden Bristo,R,R
668800,Andrew Knizner,R,R
668804,Bryan Reynolds,S,R
668820,Max Kranick,R,R
668831,Garrett Stallings,R,R
668832,Kyle McCann,L,R
668834,Easton McGee,R,R
668843,Conner Capel,L,L
668845,Aaron Schunk,R,R
668853,Austin Shenton,L,R
668868,Zack Thompson,L,L
668873,Caleb Kilian,R,R
668874,Blair Henley,R,R
668881,Hunter Greene,R,R
668885,Austin Martin,R,R
668901,Mark Vientos,R,R
668904,Royce Lewis,R,R
668909,Gavin Williams,L,R
668930,Brice Turang,L,R
668933,Graham Ashcraft,L,R
668939,Adley Rutschman,S,R
668941,JoJo Romero,L,L
668942,Josh Rojas,L,R
668943,Ryan Miller,R,R
668948,Kirk McCarty,L,L
668952,Ryan Kreidler,R,R
668964,Tobias Myers,R,R
668968,Hans Crouse,L,R
668970,Gavin Hollowell,R,R
668974,Maverick Handley,R,R
668984,Casey Legumina,R,R
669003,Garrett Mitchell,L,R
669004,MJ Melendez,L,R
669008,Ronnie Dawson,L,R
669016,Brandon Marsh,L,R
669020,Ryan Rolison,R,L
669022,MacKenzie Gore,L,L
669023,Jeter Downs,R,R
669060,Bryse Wilson,R,R
669062,Erik Miller,L,L
669064,Brandon Bailey,R,R
669065,Kyle Stowers,L,L
669084,DL Hall,L,L
669087,Sam Huff,R,R
669093,Jeremiah Estrada,S,R
669105,Zach Muckenhirn,L,L
669111,John McMillon,L,R
669127,Shea Langeliers,R,R
669134,Luis Campusano,R,R
669135,Mac Sceroler,R,R
669137,Armando Alvarez,R,R
669145,Bruce Zimmermann,L,L
669160,Dustin May,R,R
669165,Kyle Hurt,R,R
669169,Jonathan Heasley,R,R
669193,Jack Little,L,R
669194,Ryne Nelson,R,R
669199,Lake Bachar,R,R
669200,Mason McCoy,R,R
669203,Corbin Burnes,R,R
669208,Ryan Bliss,R,R
669211,Keegan Akin,L,L
669212,Eli Morgan,R,R
669214,Conner Menez,L,L
669221,Sean Murphy,R,R
669222,Nick Senzel,R,R
669224,Austin Wells,L,R
669234,Justyn-Henry Malloy,R,R
669236,Jeremiah Jackson,R,R
669242,Tommy Edman,S,R
669256,Nick Solak,R,R
669257,Will Smith,R,R
669261,Jack Suwinski,L,L
669270,Joel Kuhnel,R,R
669276,Dylan Lee,L,L
669288,Daniel Johnson,L,L
669289,Santiago Espinal,R,R
669294,Paul Campbell,L,R
669298,TJ Shook,R,R
669302,Logan Gilbert,R,R
669304,Jose F Miranda,R,R
669308,Sean Reynolds,L,R
669309,Joe Perez,R,R
669326,Bryce Teodosio,R,L
669330,Tyler Wells,R,R
669352,Bubba Thompson,R,R
669357,Nolan Gorman,L,R
669358,Shane Baz,R,R
669360,Trei Cruz,S,R
669364,Xavier Edwards,S,R
669369,Bryce Johnson,S,R
669371,Cole Henry,R,R
669372,J.T. Ginn,R,R
669373,Tarik Skubal,R,L
669374,Keston Hiura,R,R
669384,Raynel Delgado,L,R
669387,Carmen Mlodzinski,R,R
669391,Owen White,R,R
669392,Samad Taylor,R,R
669394,Jake Burger,R,R
669395,Dylan Coleman,R,R
669397,Nick Allen,R,R
669398,Gage Workman,L,R
669422,Matt Sauer,R,R
669424,Jimmy Lambert,R,R
669432,Trevor Rogers,L,L
669438,Mason Englert,S,R
669449,Jake Palisch,L,L
669450,Cooper Hummel,S,R
669456,Shane Bieber,R,R
669459,Kyle Nelson,L,L
669461,Matthew Liberatore,L,L
669467,Andre Pallante,R,R
669477,Casey Schmitt,R,R
669618,Joe Barlow,R,R
669620,Brady Basso,R,L
669622,Anthony Bender,R,R
669674,Sam Long,L,L
669684,Chris Murphy,L,L
669699,Braden Shewmake,L,R
669701,Josh Smith,L,R
669704,Kade Strowd,R,R
669707,Jared Triolo,R,R
669711,Greg Weissert,R,R
669713,Hayden Wesneski,R,R
669717,Will Wilson,R,R
669720,Austin Hays,R,R
669721,Davis Daniel,R,R
669722,Logan Davidson,S,R
669724,Brenan Hanifee,R,R
669735,Chris Rodriguez,R,R
669738,Jake Noll,R,R
669742,Darick Hall,L,R
669743,Alex Call,R,R
669796,Jose E. Hernandez,L,L
669804,Angel De Jesus,R,R
669854,Ronel Blanco,R,R
669899,Ryan Ward,L,R
669911,Michael Toglia,S,L
669912,Kirby Snead,L,L
669920,Jason Alexander,R,R
669923,George Kirby,R,R
669935,A.J. Alexy,R,R
669947,Jesse Scholtens,R,R
669952,Mitch White,R,R
670032,Nicky Lopez,L,R
670036,Matt Festa,R,R
670042,Luke Raley,L,R
670046,Kenny Rosenberg,L,L
670050,Stephen Ridings,R,R
670056,Caleb Baragar,R,L
670057,Ryan Hartman,L,L
670059,Colin Holderman,R,R
670062,Julian Garcia,L,R
670084,Nick Heath,L,L
670087,Brandyn Sittinger,R,R
670090,Wyatt Mills,R,R
670092,Trenton Brooks,L,L
670097,Zack Short,R,R
670102,Bowden Francis,R,R
670103,Raymond Burgos,L,L
670124,Adam Oller,R,R
670128,Taylor Kohlwey,L,L
670148,Nate Mondou,L,R
670156,Miles Mastrobuoni,L,R
670161,Parker Dunshee,R,R
670167,John Schreiber,R,R
670174,Josh Winckowski,R,R
670183,Garrett Acton,L,R
670219,Zac Kristofak,R,R
670223,Matt Mervis,L,R
670224,Kameron Misner,L,L
670231,John Rave,L,L
670241,Darius Vines,R,R
670242,Matt Wallner,L,R
670245,Ryan Watson,R,R
670276,Cal Stevenson,L,L
670280,David Bednar,L,R
670288,Jake Fishman,L,L
670298,Kramer Robertson,R,R
670329,Rico Garcia,R,R
670351,Jose Rojas,L,R
670370,Andrew Young,R,R
670426,Phillip Diehl,L,L
670456,JD Hammer,R,R
670462,Hunter Owen,R,R
670541,Yordan Alvarez,L,R
670550,Nivaldo Rodriguez,R,R
670623,Isaac Paredes,R,R
670712,Mike Brosseau,R,R
670764,Taylor Walls,S,R
670766,Darren McCaughan,R,R
670768,Luis González,L,L
670770,TJ Friedl,L,L
670810,Logan Gillaspie,R,R
670869,Livan Soto,L,R
670871,Guillo Zuñiga,R,R
670912,Johan Oviedo,R,R
670950,Trevor Richards,R,R
670955,Edwin Uceta,R,R
670970,Adrian Morejon,L,L
670990,Yohan Ramírez,R,R
671056,Iván Herrera,R,R
671083,Buddy Kennedy,R,R
671096,Andrew Abbott,L,L
671106,Logan Allen,R,L
671109,Jake Eder,L,L
671111,Sammy Peralta,L,L
671117,Darren Baker,L,R
671131,Jackson Rutledge,R,R
671155,Ivan Johnson,S,R
671162,Connor Thomas,L,L
671212,Joe Boyle,R,R
671213,Triston Casas,L,R
671218,Heliot Ramos,R,R
671221,Drew Waters,S,R
671250,Jorge Ona,R,R
671277,Luis García Jr.,L,R
671284,Tim Elko,R,R
671286,Johnathan Rodríguez,R,R
671289,Tyler Freeman,R,R
671305,Michel Otañez,R,R
671345,Jason Foley,R,R
671382,Cameron Foster,R,R
671655,George Valera,L,L
671732,Lawrence Butler,L,R
671737,Taj Bradley,R,R
671739,Michael Harris II,L,L
671790,Ronald Bolaños,R,R
671922,Cade Smith,R,R
671936,Adam Macko,L,L
671976,Tristan Peters,L,R
672012,Tyler Black,L,R
672016,Denzel Clarke,R,R
672021,Eric Cerantola,R,R
672275,Patrick Bailey,S,R
672279,Michael Siani,L,L
672282,Reid Detmers,L,L
672284,Jarred Kelenic,L,L
672335,Cionel Pérez,R,L
672356,Gabriel Arias,R,R
672359,Tirso Ornelas,L,R
672386,Alejandro Kirk,R,R
672391,Kaleb Ort,R,R
672442,Yovanny Cruz,R,R
672456,Keider Montero,R,R
672478,Jordan Diaz,R,R
672515,Gabriel Moreno,R,R
672552,Jack O'Loughlin,L,L
672569,Gustavo Campero,S,R
672578,Carlos Hernández,R,R
672580,Maikel Garcia,R,R
672582,Angel Zerpa,L,L
672613,Eliezer Alfonzo,S,R
672640,Otto Lopez,R,R
672642,Steward Berroa,S,R
672695,Geraldo Perdomo,S,R
672701,José Devers,L,R
672710,Roansy Contreras,R,R
672715,Luis Patiño,R,R
672724,Oswald Peraza,R,R
672730,Juan Then,R,R
672744,Alexander Canario,R,R
672761,Wenceel Pérez,S,R
672779,Tucupita Marcano,L,R
672782,Yoendrys Gómez,R,R
672820,Lenyn Sosa,R,R
672832,Israel Pineda,R,R
672839,Francisco Morales,R,R
672841,Carlos Vargas,R,R
672851,Joan Adon,R,R
672860,Prelander Berroa,R,R
672911,Jesus Cruz,R,R
672960,Kazuma Okamoto,R,R
673111,José Lopez,L,L
673237,Yainer Diaz,R,R
673258,Michel Baez,R,R
673316,Luke Barker,R,R
673357,Luis Robert Jr.,R,R
673380,Dedniel Núñez,R,R
673451,Shogo Akiyama,L,R
673490,Ha-Seong Kim,R,R
673513,Yuki Matsui,L,L
673540,Kodai Senga,L,R
673548,Seiya Suzuki,R,R
673633,Yoshihisa Hirano,R,R
673820,Robinson Piña,R,R
673858,Jake Wong,R,R
673904,Jake Walsh,R,R
673929,Jordan Leasure,R,R
673962,Josh Jung,R,R
673965,Caleb Freeman,R,R
673995,Davis Wendzel,R,R
674003,Cody Bradford,L,L
674072,Tommy Henry,L,L
674285,Eduardo Salazar,R,R
674370,Osvaldo Bido,R,R
674384,Eduarniel Núñez,R,R
674441,Jacob Hurtubise,L,R
674444,Steven Cruz,R,R
674681,Michael Plassmeyer,L,L
674841,Andrew Alvarez,L,L
674944,Sean Guenther,L,L
675448,Blake Hunt,R,R
675512,Troy Melton,R,R
675540,Xzavion Curry,R,R
675627,Michael Grove,R,R
675649,Brian Miller,L,R
675650,Michael Mercado,R,R
675656,Kevin Smith,R,R
675659,Greg Jones,S,R
675660,Shane Drohan,L,L
675848,Juan Mejia,R,R
675911,Spencer Strider,R,R
675912,Zac Lowther,L,L
675915,David Bañuelos,R,R
675916,James Karinchak,R,R
675919,Nick Raquet,R,L
675921,Spencer Howard,R,R
675961,Alika Williams,R,R
675971,Kyle Dohy,L,L
675986,Canaan Smith-Njigba,L,R
675989,Cody Bolton,R,R
676044,Bob Seymour,L,R
676050,Packy Naughton,R,L
676051,Codi Heuer,R,R
676059,Jordan Westburg,R,R
676070,Jacob Amaya,R,R
676083,Janson Junk,R,R
676092,Collin Snider,R,R
676103,Damon Jones,L,L
676105,Jeff Criswell,R,R
676106,Emerson Hancock,R,R
676113,Zach DeLoach,L,R
676116,Ryan Noda,L,L
676130,José Buttó,R,R
676194,Jackson Tetreault,R,R
676206,Freddy Tarnok,R,R
676220,Seth Elledge,R,R
676254,Ryan Walker,R,R
676263,Jack Dreyer,R,L
676265,Cory Abbott,R,R
676272,Bobby Miller,L,R
676282,Joey Cantillo,L,L
676356,Jonny DeLuca,R,R
676369,Nelson Velázquez,R,R
676391,Ernie Clement,R,R
676395,Robert Garcia,R,L
676424,Alec Bettinger,R,R
676428,Brant Hurter,L,L
676439,Hunter Feduccia,L,R
676440,Tanner Bibee,R,R
676466,Jack Winkler,R,R
676467,Colton Gordon,L,L
676475,Alec Burleson,L,L
676477,Garrett Whitlock,R,R
676480,José Barrero,R,R
676508,Ben Casparius,R,R
676510,Nolan Hoffman,R,R
676534,Calvin Faucher,R,R
676551,Brewer Hicklen,R,R
676568,Ricky Vanasco,R,R
676571,PJ Poulin,R,L
676572,Eric Wagaman,R,R
676596,Josh Fleming,L,L
676604,Tyler Zuber,R,R
676606,Nick Margevicius,L,L
676609,José Caballero,R,R
676614,Bryan Sammons,L,L
676617,Riley O'Brien,R,R
676625,Rylan Bannon,R,R
676628,Mark Contreras,L,R
676632,Bligh Madris,L,R
676637,Phoenix Sanders,R,R
676641,Beau Sulser,R,R
676646,Zach Reks,L,R
676660,Jared Solomon,R,R
676661,Max Lazar,R,R
676664,JP Sears,R,L
676679,Luis Vázquez,R,R
676680,Tom Cosgrove,L,L
676684,Will Vest,R,R
676689,Ricky Karcher,R,R
676694,Jake Meyers,R,L
676701,Alan Trejo,R,R
676702,Hunter Stratton,R,R
676709,Ty Tice,L,R
676710,Kutter Crawford,R,R
676714,Brandon Hughes,S,L
676720,Tommy Romero,R,R
676724,Jared Young,L,R
676742,Cam Sanders,R,R
676755,Isaac Mattson,R,R
676760,Ron Marinaccio,R,R
676761,Irving Lopez,L,R
676766,Nick Snyder,R,R
676775,Keaton Winn,R,R
676782,Mickey McDonald,L,R
676801,Chas McCormick,R,L
676812,Carson McCusker,R,R
676831,Kodi Whitley,R,R
676840,Matt Peacock,R,R
676879,Aaron Ashby,R,L
676882,Chandler Seagle,R,R
676886,Jeremy Beasley,R,R
676896,Chris Roller,R,R
676900,Ryan Dorow,R,R
676910,Matt Seelinger,R,R
676914,Davis Schneider,R,R
676917,Cade Cavalli,R,R
676946,Matthew Batten,R,R
676950,David MacKinnon,R,R
676961,Caleb Boushley,R,R
676962,Ben Brown,R,R
676969,Brett de Geus,R,R
676974,Max Meyer,L,R
676979,Garrett Crochet,L,L
677008,Heston Kjerstad,L,R
677020,Josh Walker,L,L
677053,Andrew Nardi,L,L
677060,Chad Stevens,R,R
677076,Clayton Andrews,L,L
677161,Zack Kelly,R,R
677223,Jack Larsen,L,L
677347,Kyren Paris,R,R
677551,Wander Franco,S,R
677587,Brayan Rocchio,S,R
677588,José Tena,L,R
677592,Everson Pereira,R,R
677594,Julio Rodríguez,R,R
677595,Ronny Mauricio,S,R
677649,Ezequiel Duran,R,R
677651,Luis Garcia,R,R
677800,Wilyer Abreu,L,L
677865,Justin Bruihl,L,L
677870,Leo Jiménez,R,R
677941,Jordyn Adams,R,R
677942,Blaze Alexander,R,R
677943,Will Banfield,R,R
677944,Slade Cecconi,R,R
677950,Alek Thomas,L,L
677951,Bobby Witt Jr.,R,R
677952,Braxton Ashcraft,L,R
677954,Jordan Groshans,R,R
677955,Jaden Hill,R,R
677956,Rece Hinds,R,R
677958,Kumar Rocker,R,R
677960,Ryan Weathers,R,L
677961,Cole Wilcox,R,R
677976,Randy Dobnak,R,R
678009,Parker Meadows,L,R
678011,Anthony Seigler,S,S
678020,Seth Halvorsen,R,R
678022,Jack Perkins,R,R
678024,Mike Vasil,L,R
678061,Ray Kerr,L,L
678215,Luarbert Arias,R,R
678218,Brandon Valenzuela,S,R
678225,Ji Hwan Bae,L,R
678226,Daysbel Hernández,R,R
678246,Miguel Vargas,R,R
678316,Omar Cruz,L,L
678368,Valente Bellozo,R,R
678391,Jorbit Vivas,L,R
678394,Brayan Bello,R,R
678489,Jorge Barrosa,S,L
678495,Randy Rodríguez,R,R
678545,Osleivis Basabe,R,R
678554,Curtis Mead,R,R
678576,Wilkin Ramos,R,R
678577,Junior Perez,R,R
678606,José A. Ferrer,L,L
678662,Ezequiel Tovar,R,R
678692,Ronny Henriquez,R,R
678821,Luis Peralta,L,L
678868,Eddy Yean,R,R
678877,Jhonkensy Noel,R,R
678882,Ceddanne Rafaela,R,R
678894,Liover Peguero,R,R
678906,Kai-Wei Teng,R,R
679032,Johan Rojas,R,R
679156,Walter Pennington,L,L
679346,Edgar Navarro,R,R
679358,Eric Orze,R,R
679525,Alec Marsh,R,R
679529,Spencer Torkelson,R,R
679563,José Rodríguez,R,R
679631,Terrin Vavra,L,R
679775,Kyle Backhus,L,L
679822,Justin Foscue,R,R
679845,Nick Loftin,R,R
679881,J.P. Martínez,L,L
679883,Luinder Avila,R,R
679885,Justin Martinez,R,R
679922,Carlos Duran,R,R
680118,Dairon Blanco,R,R
680232,Jackson Wolf,L,L
680418,Tyler Cropley,R,R
680430,Nick Allgeyer,L,L
680474,Max Schuemann,R,R
680552,Travis Swaggerty,L,L
680570,Grayson Rodriguez,L,R
680572,Adam Kloffenstein,R,R
680573,Simeon Woods Richardson,R,R
680574,Matt McLain,R,R
680577,DaShawn Keirsey Jr.,L,L
680604,Blas Castaño,R,R
680684,Gunnar Hoglund,L,R
680686,Josiah Gray,R,R
680689,Lyon Richardson,S,R
680692,Jonathan Stiever,R,R
680694,Kyle Bradish,R,R
680700,Richie Palacios,L,R
680701,John Rooney,R,L
680702,Joey Gerber,R,R
680704,Nick Sandlin,R,R
680716,Jonathan Ornelas,R,R
680718,Addison Barger,L,R
680723,Drew Rom,L,L
680728,Adrian Del Castillo,L,R
680729,Garrett McDaniels,L,L
680730,Mitchell Parker,L,L
680732,Sean Burke,R,R
680735,Austin Cox,L,L
680736,Justin Wrobleski,L,L
680737,Michael Helman,R,R
680739,Josh Winder,R,R
680742,Jonathan Bowlan,R,R
680744,Ty Madden,R,R
680755,Braydon Fisher,R,R
680757,Steven Kwan,L,L
680767,Victor Vodnik,R,R
680769,CJ Alexander,L,R
680776,Jarren Duran,L,R
680777,Ryan Jeffers,R,R
680779,Henry Davis,R,R
680802,Ryan Weiss,R,R
680814,Peyton Burdick,R,R
680837,Ryan Fitzgerald,L,R
680862,Willie MacIver,R,R
680869,Zack Gelof,R,R
680880,Grant Holman,R,R
680885,Spencer Schwellenbach,R,R
680891,Jack Neely,R,R
680897,Nick Nastrini,R,R
680911,Owen Miller,R,R
680916,Franco Aleman,R,R
680951,Doug Nikhazy,L,L
680963,Cody Wilson,R,R
680977,Brendan Donovan,L,R
680983,Kelvin Cáceres,R,R
681006,Josh Simpson,L,L
681035,Christian Scott,R,R
681066,Ky Bush,L,L
681082,Bryson Stott,L,R
681084,Tanner Andrews,R,R
681146,Jonah Bride,R,R
681151,Jayden Murray,R,R
681168,Luis Curvelo,R,R
681190,Randy Vásquez,R,R
681198,TJ Rumfield,L,R
681217,Chase Silseth,R,R
681252,Jack Anderson,R,R
681293,Spencer Arrighetti,R,R
681297,Colton Cowser,L,R
681343,Shane Smith,R,R
681347,Mike Burrows,R,R
681351,Logan O'Hoppe,R,R
681393,Connor Norby,R,R
681402,Gus Varland,L,R
681432,Luke Little,L,L
681460,Brooks Baldwin,S,R
681464,Frank German,R,R
681481,Kerry Carpenter,L,R
681508,Mickey Gasper,S,R
681517,Kyle Leahy,S,R
681526,Bryan Lavastida,R,R
681546,James Outman,L,R
681584,David Villar,R,R
681624,Andy Pages,R,R
681676,Ryan Fernandez,R,R
681715,Heriberto Hernández,R,R
681751,Lazaro Estrada,R,R
681799,Ethan Roberts,R,R
681806,Andrew Wantz,R,R
681807,David Fry,R,R
681808,Chris Vallimont,R,R
681810,Austin Warren,R,R
681857,Reese Olson,R,R
681867,Cooper Criswell,R,R
681869,Shawn Dubin,R,R
681870,Erik Sabrowski,R,L
681871,Eli Villalobos,R,R
681882,Colin Selby,R,R
681885,Evan Lee,L,L
681892,Kody Funderburk,L,L
681895,Evan Sisk,L,L
681909,Justin Dean,R,R
681911,Alex Vesia,L,L
681916,Dylan Smith,R,R
681962,Vinny Capra,R,R
681982,Grant Anderson,R,R
681987,Nate Eaton,R,R
682010,Lane Ramsey,R,R
682016,William Woods,R,R
682027,Cam Alldred,L,L
682051,Garrett Hill,R,R
682052,Jacob Lopez,L,L
682073,David Hensley,R,R
682119,Levi Jordan,R,R
682120,Tim Herrin,L,L
682144,Jayvien Sandridge,L,L
682171,Penn Murfee,R,R
682175,Joe Jacques,L,L
682177,Daniel Schneemann,L,R
682183,Drew Avans,L,L
682227,Brandon Williamson,R,L
682243,Bryce Miller,R,R
682254,Mason Montgomery,L,L
682274,Yaramil Hiraldo,R,R
682445,Domingo Gonzalez,R,R
682515,Logan Porter,R,R
682608,Peyton Gray,R,R
682610,Roddery Muñoz,R,R
682617,Marco Luciano,R,R
682619,Orelvis Martinez,R,R
682622,Noelvi Marte,R,R
682626,Francisco Alvarez,R,R
682634,Kevin Alcántara,R,R
682641,Luis Matos,R,R
682653,Warming Bernabel,R,R
682657,Angel Martínez,S,R
682663,Agustín Ramírez,R,R
682668,Luisangel Acuña,R,R
682674,Victor Bericoto,R,R
682729,Jonatan Clase,S,R
682769,Eiberson Castellano,R,R
682790,Wikelman González,R,R
682818,Yohendrick Piñango,L,L
682825,Luis Mey,R,R
682829,Elly De La Cruz,S,R
682842,Abner Uribe,R,R
682847,Luis Ortiz,R,R
682848,Endy Rodríguez,S,R
682868,Bryan Ramos,R,R
682877,Juan Brito,S,R
682927,Ronny Simon,S,R
682928,CJ Abrams,L,R
682967,Devin Sweet,S,R
682982,Daniel Espino,R,R
682985,Riley Greene,L,L
682987,Spencer Jones,L,L
682988,Tyler Locklear,R,R
682989,Victor Mederos,R,R
682990,Quinn Priester,R,R
682995,Hunter Barco,L,L
682997,Tyler Callihan,L,R
682998,Corbin Carroll,L,L
683000,Riley Cornelio,R,R
683002,Gunnar Henderson,L,R
683003,Jared Jones,L,R
683004,Jack Leiter,R,R
683011,Anthony Volpe,R,R
683021,Michael Stefanic,R,R
683068,Zach Penrod,L,L
683079,Omar Martinez,L,R
683083,Nasim Nuñez,S,R
683090,Matthew Lugo,R,R
683146,Brett Baty,L,R
683155,Joey Estes,R,R
683175,Connor Phillips,R,R
683227,Cody Freeman,R,R
683232,Nick Mears,R,R
683352,Mitch Bratt,L,L
683357,Owen Caissie,L,R
683409,Angel Chivilli,R,R
683568,Jairo Iriarte,R,R
683618,Edgardo Henriquez,R,R
683627,Anthony Molina,R,R
683679,Jesus Rodriguez,R,R
683734,Andrew Vaughn,R,R
683737,Michael Busch,L,R
683742,Jose Franco,R,R
683748,Victor Mesa Jr.,L,L
683766,Christian Koss,R,R
683769,Hunter Gaddis,R,R
683770,Will Robertson,L,L
683822,Naoyuki Uwasawa,R,R
683953,Travis Bazzana,L,R
684007,Shota Imanaga,L,L
684049,Brandan Bidois,R,R
684320,Yariel Rodríguez,R,R
684974,Craig Yoho,R,R
685005,Christian Roa,R,R
685068,Carson Ragsdale,R,R
685107,Anthony Veneziano,L,L
685112,Zach McCambley,L,R
685116,Austin Kitchen,L,L
685126,Brandon Eisert,L,L
685133,Wade Meckler,L,R
685299,Tanner Gordon,L,R
685301,Matt Gorski,R,R
685314,Andrew Saalfrank,L,L
685326,McCade Brown,R,R
685410,Peyton Battenfield,R,R
685493,Shun Yamaguchi,R,R
685503,Kohei Arihara,R,R
685744,Kenedy Corona,R,R
685801,Hunter Bigge,R,R
686217,Sal Frelick,L,R
686218,Emmet Sheehan,R,R
686228,Juan Burgos,R,R
686249,Nathan Wiles,R,R
686294,Amos Willingham,R,R
686452,Drew Millas,S,R
686469,Vinnie Pasquantino,L,L
686475,Tyler Tolbert,R,R
686482,Logan Driscoll,L,R
686490,Cam Eden,R,R
686527,Dominic Canzone,L,R
686531,Andre Lipcius,R,R
686539,Declan Cronin,R,R
686554,Oliver Dunn,L,R
686555,Isaac Collins,S,R
686560,Gavin Collyer,R,R
686563,Jonathan Cannon,R,R
686580,Justin Slaten,R,R
686610,Ken Waldichuk,L,L
686611,Dylan Crews,R,R
686613,Hunter Brown,R,R
686642,Fraser Ellard,L,L
686651,Levi Stoudt,R,R
686654,Ty Adcock,R,R
686668,Brenton Doyle,R,R
686676,Korey Lee,R,R
686678,Chase Solesky,R,R
686681,Michael Massey,L,R
686701,Ryan Bergert,R,R
686730,Carson Spiers,R,R
686747,Joe La Sorsa,L,L
686751,Seth Johnson,R,R
686752,Ryan Pepiot,R,R
686753,Drey Jameson,R,R
686759,TJ Hopkins,R,R
686765,Nick Sogard,S,R
686780,Pedro Pagés,R,R
686790,Trevor McDonald,R,R
686796,Blake Walston,L,L
686797,Brooks Lee,S,R
686799,Jack Kochanowicz,L,R
686823,Will Brennan,L,L
686826,Bryce Jarvis,L,R
686839,Brendan White,R,R
686842,McKinley Moore,R,R
686894,Joey Wiemer,R,R
686930,Mason Barnett,R,R
686948,Drake Baldwin,L,R
686972,Cole Waites,R,R
686973,Louis Varland,L,R
686993,Justin Sterner,R,R
687003,Brian Van Belle,R,R
687014,Nick Avila,R,R
687064,Brandon Young,R,R
687066,Eric Yang,R,R
687074,Tyler Owens,R,R
687075,Brandon Sproat,R,R
687093,Vaughn Grissom,R,R
687134,Bradley Blalock,R,R
687145,Evan Justice,L,L
687166,Austin Pope,R,R
687209,Zach Maxwell,R,R
687221,Dalton Rushing,L,R
687223,Carson Palmquist,L,L
687231,Darell Hernaiz,R,R
687239,Ben Peoples,L,R
687263,Zach Neto,R,R
687282,Gabriel Rincones Jr.,L,R
687287,Patrick Monteverde,R,L
687312,Gabriel Hughes,R,R
687330,Kevin Kelly,R,R
687362,Connor Gillispie,R,R
687363,Victor Scott II,L,L
687377,Orlando Ribalta,R,R
687394,Jack Brannigan,R,R
687396,Brent Headrick,L,L
687401,Joey Ortiz,R,R
687424,Anthony Maldonado,R,R
687462,Spencer Horwitz,L,R
687473,Ryan Gusto,R,R
687478,Cam Devanney,R,R
687515,Colby Thomas,R,R
687529,Grant McCray,L,R
687531,William Kempner,R,R
687551,Drew Gilbert,L,L
687562,Jake Bennett,L,L
687570,Connor Prielipp,L,L
687589,Dom Hamel,R,R
687597,Jordan Beck,R,R
687606,Paxton Schultz,L,R
687637,Dylan Beavers,L,R
687721,Cameron Weston,R,R
687749,Jase Bowen,R,R
687765,Mitch Spence,R,R
687792,DJ Herz,R,L
687798,Nick Robertson,R,R
687799,Cade Marlowe,L,R
687830,Sawyer Gipson-Long,R,R
687847,Marc Church,R,R
687849,Zak Kent,R,R
687859,Troy Johnston,L,L
687863,Porter Hodge,R,R
687888,Brandon Walter,L,L
687911,Bryan King,R,L
687922,Easton Lucas,L,L
687924,Julian Aguiar,L,R
687931,Carson Whisenhunt,L,L
687941,Alec Gamboa,S,L
687952,Christian Encarnacion-Strand,R,R
687957,Dustin Harris,L,R
687985,Josh White,R,R
688010,Nate Fisher,L,L
688107,Robert Gasser,L,L
688138,Logan Evans,R,R
688158,David Morgan,R,R
688297,Chris Roycroft,R,R
688363,Graham Pauley,L,R
688427,Kolton Ingram,L,L
688497,Taylor Rashi,R,R
688642,Zach Agnos,R,R
688760,Blaine Crim,R,R
688883,Peyton Pallette,R,R
689017,Landon Knack,L,R
689041,Rhylan Thomas,L,L
689147,Orion Kerkering,R,R
689149,Chad Dallas,R,R
689167,Jeff Lindgren,R,R
689172,Brett Wisely,L,R
689200,Jacob Melton,L,L
689225,Beau Brieske,R,R
689254,Mason Fluharty,R,L
689266,Dylan Dodd,L,L
689296,Anthony Nunez,S,R
689414,Liam Hicks,L,R
689441,Coleman Crow,R,R
689520,Cody Laweryson,L,R
689546,Nick Davila,R,R
689672,Drew Thorpe,L,R
689690,Alek Jacob,L,R
689818,David Sandlin,R,R
689958,Andrew Walters,R,R
689981,River Ryan,R,R
690022,Ryan Ritter,R,R
690155,Matt Pushard,R,R
690291,Jace Jung,L,R
690382,Michael Darrell-Hicks,R,R
690544,Bailey Horn,L,L
690829,Ben Joyce,R,R
690916,Richard Fitts,R,R
690924,Braxton Fulford,R,R
690925,Clayton Beeter,R,R
690928,Hunter Dobbins,R,R
690953,Mick Abel,R,R
690976,Alex Freeland,S,R
690978,Dax Fulton,L,L
690984,Petey Halpin,L,R
690986,Kyle Harrison,R,L
690987,Robert Hassell III,L,L
690990,Cade Horton,R,R
690993,Colt Keith,L,R
690997,Nolan McLean,R,R
691008,Max Rajcic,R,R
691011,Drew Romo,S,R
691016,Tyler Soderstrom,L,R
691019,Kyle Teel,L,R
691023,Jordan Walker,R,R
691026,Masyn Winn,R,R
691094,Randy Wynne,R,R
691172,Yosver Zulueta,R,R
691176,Jasson Domínguez,S,R
691182,Adael Amador,S,R
691185,Maximo Acosta,R,R
691251,Andry Lara,R,R
691277,Deyvison De Los Santos,R,R
691373,Jhostynxon Garcia,R,R
691406,Junior Caminero,R,R
691441,Cristian Mena,R,R
691458,Blaze Jordan,R,R
691548,Rolddy Muñoz,R,R
691587,Eury Pérez,R,R
691594,Javier Sanoja,R,R
691620,Jeferson Quero,R,R
691718,Pete Crow-Armstrong,L,L
691720,Kyle Karros,R,R
691723,Coby Mayo,R,R
691725,Andrew Painter,R,R
691728,Zac Veen,L,R
691740,Daniel Susac,R,R
691769,Philip Abner,L,L
691777,Max Muncy,R,R
691781,Brady House,R,R
691783,Jordan Lawlar,R,R
691785,Marcelo Mayer,L,R
691788,Joe Mack,L,R
691799,Grant Taylor,R,R
691907,Tsung-Che Cheng,L,R
691945,Carter Baumler,R,R
691946,George Klassen,R,R
691951,Sam Aldegheri,L,L
692024,Alex Carrillo,R,R
692030,Jose Corniell,R,R
692216,CJ Kayfus,L,L
692225,Kristian Campbell,R,R
692230,Carlos Rodriguez,R,R
692285,Luis Guerrero,R,R
692437,Winston Santos,R,R
692585,Yanquiel Fernández,L,L
693049,Oscar Colás,L,L
693304,Nick Gonzales,R,R
693307,Dillon Dingler,R,R
693312,Kyle Nicolas,R,R
693313,Carson Seymour,R,R
693409,César Prieto,L,R
693433,Bryan Woo,R,R
693459,Kyler Fedko,R,R
693645,Cam Schlittler,R,R
693686,Spencer Miles,L,R
693821,Bryce Elder,R,R
693855,Ian Seymour,L,L
694025,Felix Reyes,R,R
694037,Daniel Palencia,R,R
694175,Pedro León,R,R
694192,Jackson Chourio,R,R
694203,Denzer Guzman,R,R
694208,Moisés Ballesteros,L,R
694212,Samuel Basallo,L,R
694224,Gabriel Gonzalez,R,R
694249,Cole Carrigg,S,R
694297,Brandon Pfaadt,R,R
694335,Matt Svanson,R,R
694341,Brendan Beck,R,R
694346,Trey Gibson,R,R
694350,Zach Brzykcy,R,R
694355,Tyler Gentry,R,R
694359,Niko Kavadas,L,R
694360,Beck Way,R,R
694361,Will Klein,R,R
694362,Blake Dunn,R,R
694363,Jared Shuster,L,L
694371,Tommy Troy,R,R
694374,Tim Tawa,R,R
694376,Shay Whitcomb,R,R
694377,Nick Yorke,R,R
694378,Jacob Gonzalez,L,R
694384,Nolan Schanuel,L,R
694388,Joey Loperfido,L,R
694397,Marco Raya,R,R
694410,LuJames Groover,R,R
694462,Hurston Waldrep,R,R
694477,Chad Patrick,R,R
694497,Evan Carter,L,R
694514,Sterlin Thompson,L,R
694646,Chayce McDermott,L,R
694671,Wyatt Langford,R,R
694680,Trevor Martin,R,R
694728,Brice Matthews,R,R
694738,Landen Roupp,R,R
694795,Josh Ekness,R,R
694813,Gavin Stone,R,R
694819,Jacob Misiorowski,R,R
694851,Andrew Hoffmann,R,R
694876,Cooper Ingle,L,R
694918,Blade Tidwell,R,R
694973,Paul Skenes,R,R
695001,Alimber Santa,R,R
695020,Tanner Murray,R,R
695034,Kade Morris,R,R
695049,Brett Kerry,R,R
695076,Rhett Lowder,R,R
695238,Will Wagner,L,R
695239,Robby Ahlstrom,L,L
695243,Mason Miller,R,R
695257,Billy Cook,R,R
695336,Thomas Saggese,R,R
695380,Alex Hoppe,R,R
695391,Brett Harris,R,R
695418,Brad Lord,R,R
695445,Chase Lee,R,R
695490,Edwin Arroyo,S,R
695505,Chase Burns,R,R
695506,Jac Caglianone,L,L
695508,Cam Cauley,R,R
695534,Chase Petty,R,R
695549,Jackson Jobe,R,R
695578,James Wood,L,R
695600,Carter Jensen,L,R
695611,Gage Jump,L,L
695657,Colson Montgomery,L,R
695670,Harry Ford,R,R
695681,Christian Moore,R,R
695684,Elmer Rodríguez,L,R
695731,Braden Montgomery,S,R
695734,Daylen Lile,L,R
696030,Alejandro Osuna,L,L
696062,Wilber Dotel,R,R
696070,Kendry Rojas,L,L
696100,Hunter Goodman,R,R
696131,Mason Black,R,R
696135,Kahlil Watson,L,R
696136,Jordan Wicks,L,L
696147,Sam Bachman,R,R
696149,Bubba Chandler,S,R
696270,Ryan Johnson,S,R
696285,Jacob Young,R,R
696519,Samy Natera Jr.,L,L
696522,Hayden Juenger,R,R
697812,Joe Rock,L,L
699008,Antwone Kelly,R,R
699013,Esmerlyn Valdez,R,R
699044,Miguel Ullola,R,R
699134,Bradgley Rodriguez,R,R
699151,Jedixson Paez,R,R
699393,Pedro Ramírez,S,R
699625,Jimmy Crooks,L,R
699823,Tyler Davis,R,R
699911,Dugan Darnell,L,R
699912,Jose Fernandez,R,R
700187,Troy Taylor,R,R
700241,Michael McGreevy,L,R
700242,Trey Sweeney,L,R
700246,Carson Williams,R,R
700249,Cade Povich,L,L
700250,Ben Rice,L,R
700270,Yilber Díaz,R,R
700327,Welinton Herrera,L,L
700337,Edgar Quero,S,R
700363,AJ Smith-Shawver,R,R
700413,Tyler Uberstine,R,R
700669,Gordon Graceffo,R,R
700712,Walbert Ureña,R,R
700842,Eduardo Rivera,L,L
700932,Kyle Manzardo,L,R
701121,Logan VanWey,R,R
701162,Ben Malgeri,R,R
701305,Zach Dezenzo,R,R
701350,Roman Anthony,L,R
701358,Cam Smith,R,R
701398,Sal Stewart,R,R
701474,Duncan Davitt,R,R
701487,Pierson Ohl,R,R
701519,Travis Adams,R,R
701538,Jackson Merrill,L,R
701542,Will Warren,R,R
701552,Andre Granillo,R,R
701581,David Festa,R,R
701643,Grant Hartwig,R,R
701656,Logan Henderson,R,R
701675,Nathan Church,L,L
701678,Hao-Yu Lee,R,R
701719,Tyler Samaniego,R,L
701762,Nick Kurtz,L,L
701807,Carson Benge,L,R
701852,Drew Cavanaugh,L,R
702021,Will Dion,L,L
702056,Trey Yesavage,R,R
702070,Noah Cameron,L,L
702153,Brian Fitzpatrick,S,L
702176,Alan Roden,L,R
702193,Andrew Morris,R,R
702222,Justin Crawford,L,R
702273,Noah Schultz,L,L
702275,JR Ritchie,R,R
702281,Robby Snelling,R,L
702284,Cole Young,L,R
702303,Riley Martin,L,L
702332,Caleb Durbin,R,R
702352,Spencer Bivens,R,R
702358,Trey Lipscomb,R,R
702474,Mike Paredes,R,R
702566,Owen Murphy,R,R
702616,Jackson Holliday,L,R
702674,Caden Dana,L,R
702752,Jonathan Pintaro,R,R
702795,Ryan Loutos,R,R
703231,James Meeker,R,R
703492,Nick Morabito,R,R
703607,Henry Bolte,R,R
703615,Jose Cabrera,R,R
800048,Parker Messick,L,L
800049,Adam Mazur,R,R
800050,Chase DeLauter,L,L
800311,Didier Fuentes,R,R
800325,Luis Lara,S,R
801139,Payton Tolle,L,L
801216,Christian Montes De Oca,R,R
801403,Chase Dollander,R,R
801434,Paul Gervase,R,R
802139,JJ Wetherholt,L,R
802408,Brycen Mautz,L,L
802415,Chandler Simpson,L,R
802419,Thomas Harrington,R,R
802686,Hayden Harris,L,L
803011,Sam Antonacci,L,R
804267,Zach Thornton,L,L
804606,Konnor Griffin,R,R
804619,John Klein,R,R
804636,Jonah Tong,R,R
804668,Rafael Flores Jr.,R,R
805123,AJ Blubaugh,R,R
805249,Otto Kemp,R,R
805299,Brandyn Garcia,L,L
805300,Jakob Marsee,L,L
805326,Tyler Schweitzer,L,L
805347,Jim Jarvis,L,R
805367,Chase Meidroth,R,R
805373,Nacho Alvarez Jr.,R,R
805427,Drew Sommers,L,L
805672,Collin Price,R,R
805673,Zebby Matthews,R,R
805779,Jacob Wilson,R,R
805808,Kevin McGonigle,L,R
805811,Bryce Eldridge,L,R
805904,Zach Cole,L,R
805999,A.J. Ewing,L,R
806068,Colt Emerson,L,R
806185,Hayden Birdsong,R,R
806188,Cade Gibson,L,L
806198,Cooper Pratt,R,R
806960,Luis Morales,R,R
807712,Luke Keaschall,R,R
807713,Matt Shaw,R,R
807727,Charles McAdoo,R,R
807743,Sean Sullivan,R,L
807747,Rikuu Nishida,L,R
807799,Masataka Yoshida,L,R
808959,Munetaka Murakami,L,R
808963,Roki Sasaki,R,R
808967,Yoshinobu Yamamoto,R,R
808970,Woo-Suk Go,R,R
808975,Hyeseong Kim,L,R
808982,Jung Hoo Lee,L,R
810938,Ben Williamson,R,R
811965,Joshua Kuroda-Grauer,R,R
813349,Connelly Early,L,L
813841,Jonah Cox,R,R
814005,Jake Bloss,R,R
814439,Ryan Waldschmidt,R,R
815083,Mitch Farris,L,L
815873,Sean Keys,L,R
820862,José Fermin,R,R
823550,Sung-Mun Song,L,R
829272,Shinnosuke Ogasawara,L,L
837227,Tatsuya Imai,R,R
